Treatment,Cage_ID,Sampling_day,Date_setup_cage,Aphid_clone,plant_height,Plant_Age,Planted_on,No_of_leaves,Position_of_cage,Climate_chamber,Aphids,Ladybird_adults,Ladybird_larvae,Total_ladybirds,Plant_survival,Aphids_orig,Total_ladybirds_orig,Plant_survival_orig,Aphids_flag,Ladybirds_flag,Survival_flag
Dropper,1,-2,6/29/2024,1,,5,5/23/2024,55,1,W2,20,NA,NA,NA,1,NA,NA,NA,NA,NA,NA
Dropper,1,0,6/29/2024,1,,5,5/23/2024,55,1,W2,198,3,0,3,1,198,3,1,Observed,Observed,Observed
Dropper,1,1,6/29/2024,1,,5,5/23/2024,55,1,W2,98,3,0,3,1,98,3,1,Observed,Observed,Observed
Dropper,1,2,6/29/2024,1,,5,5/23/2024,55,1,W2,59,3,0,3,1,59,3,1,Observed,Observed,Observed
Dropper,1,3,6/29/2024,1,,5,5/23/2024,55,1,W2,24,3,0,3,1,24,3,1,Observed,Observed,Observed
Dropper,1,4,6/29/2024,1,,5,5/23/2024,55,1,W2,11,3,0,3,1,11,3,1,Observed,Observed,Observed
Dropper,1,5,6/29/2024,1,,5,5/23/2024,55,1,W2,13,3,0,3,1,13,3,1,Observed,Observed,Observed
Dropper,1,6,6/29/2024,1,,5,5/23/2024,55,1,W2,5,3,0,3,1,5,3,1,Observed,Observed,Observed
Dropper,1,7,6/29/2024,1,,5,5/23/2024,55,1,W2,15,3,0,3,1,15,3,1,Observed,Observed,Observed
Dropper,1,8,6/29/2024,1,,5,5/23/2024,55,1,W2,4,3,11,14,1,4,14,1,Observed,Observed,Observed
Dropper,1,9,6/29/2024,1,,5,5/23/2024,55,1,W2,2,3,26,29,1,2,29,1,Observed,Observed,Observed
Dropper,1,10,6/29/2024,1,,5,5/23/2024,55,1,W2,1,3,6,9,1,1,9,1,Observed,Observed,Observed
Dropper,1,11,6/29/2024,1,,5,5/23/2024,55,1,W2,1,3,5,8,1,1,8,1,Observed,Observed,Observed
Dropper,1,12,6/29/2024,1,,5,5/23/2024,55,1,W2,0,3,5,8,1,0,8,1,Observed,Observed,Observed
Dropper,1,13,6/29/2024,1,,5,5/23/2024,55,1,W2,0,3,2,5,1,0,5,1,Observed,Observed,Observed
Dropper,1,14,6/29/2024,1,,5,5/23/2024,55,1,W2,0,3,0,3,1,0,3,1,Observed,Observed,Observed
Dropper,1,15,6/29/2024,1,,5,5/23/2024,55,1,W2,0,3,1,4,1,0,4,1,Observed,Observed,Observed
Dropper,1,16,6/29/2024,1,,5,5/23/2024,55,1,W2,0,3,0,3,1,0,3,1,Observed,Observed,Observed
Dropper,1,17,6/29/2024,1,,5,5/23/2024,55,1,W2,0,3,0,3,1,0,3,1,Observed,Observed,Observed
Dropper,1,18,6/29/2024,1,,5,5/23/2024,55,1,W2,0,3,0,3,1,0,3,1,Observed,Observed,Observed
Dropper,1,19,6/29/2024,1,,5,5/23/2024,55,1,W2,0,3,0,3,1,0,3,1,Observed,Observed,Observed
Dropper,1,20,6/29/2024,1,,5,5/23/2024,55,1,W2,0,3,0,3,1,0,3,1,Observed,Observed,Observed
Dropper,1,21,6/29/2024,1,,5,5/23/2024,55,1,W2,0,3,0,3,1,0,3,1,Observed,Observed,Observed
Dropper,1,22,6/29/2024,1,,5,5/23/2024,55,1,W2,0,3,0,3,1,0,3,1,Observed,Observed,Observed
Dropper,1,23,6/29/2024,1,,5,5/23/2024,55,1,W2,0,3,0,3,1,0,3,1,Observed,Observed,Observed
Dropper,1,24,6/29/2024,1,,5,5/23/2024,55,1,W2,0,3,0,3,1,0,3,1,Observed,Observed,Observed
Non-dropper,2,-2,6/29/2024,1,,5,5/23/2024,61,2,W2,20,NA,NA,NA,1,NA,NA,NA,NA,NA,NA
Non-dropper,2,0,6/29/2024,1,,5,5/23/2024,61,2,W2,162,3,0,3,1,162,3,1,Observed,Observed,Observed
Non-dropper,2,1,6/29/2024,1,,5,5/23/2024,61,2,W2,194,3,0,3,1,194,3,1,Observed,Observed,Observed
Non-dropper,2,2,6/29/2024,1,,5,5/23/2024,61,2,W2,182,3,0,3,1,182,3,1,Observed,Observed,Observed
Non-dropper,2,3,6/29/2024,1,,5,5/23/2024,61,2,W2,172,3,0,3,1,172,3,1,Observed,Observed,Observed
Non-dropper,2,4,6/29/2024,1,,5,5/23/2024,61,2,W2,105,3,0,3,1,105,3,1,Observed,Observed,Observed
Non-dropper,2,5,6/29/2024,1,,5,5/23/2024,61,2,W2,112,3,0,3,1,112,3,1,Observed,Observed,Observed
Non-dropper,2,6,6/29/2024,1,,5,5/23/2024,61,2,W2,118,3,0,3,1,118,3,1,Observed,Observed,Observed
Non-dropper,2,7,6/29/2024,1,,5,5/23/2024,61,2,W2,116,3,0,3,1,116,3,1,Observed,Observed,Observed
Non-dropper,2,8,6/29/2024,1,,5,5/23/2024,61,2,W2,156,3,0,3,1,156,3,1,Observed,Observed,Observed
Non-dropper,2,9,6/29/2024,1,,5,5/23/2024,61,2,W2,282,3,14,17,1,282,17,1,Observed,Observed,Observed
Non-dropper,2,10,6/29/2024,1,,5,5/23/2024,61,2,W2,337,3,10,13,1,337,13,1,Observed,Observed,Observed
Non-dropper,2,11,6/29/2024,1,,5,5/23/2024,61,2,W2,326,3,7,10,1,326,10,1,Observed,Observed,Observed
Non-dropper,2,12,6/29/2024,1,,5,5/23/2024,61,2,W2,476,3,1,4,1,476,4,1,Observed,Observed,Observed
Non-dropper,2,13,6/29/2024,1,,5,5/23/2024,61,2,W2,526,3,6,9,1,526,9,1,Observed,Observed,Observed
Non-dropper,2,14,6/29/2024,1,,5,5/23/2024,61,2,W2,752,3,7,10,1,752,10,1,Observed,Observed,Observed
Non-dropper,2,15,6/29/2024,1,,5,5/23/2024,61,2,W2,780,3,5,8,1,780,8,1,Observed,Observed,Observed
Non-dropper,2,16,6/29/2024,1,,5,5/23/2024,61,2,W2,1122,3,5,8,1,1122,8,1,Observed,Observed,Observed
Non-dropper,2,17,6/29/2024,1,,5,5/23/2024,61,2,W2,1092,3,5,8,1,1092,8,1,Observed,Observed,Observed
Non-dropper,2,18,6/29/2024,1,,5,5/23/2024,61,2,W2,1069,3,7,10,1,1069,10,1,Observed,Observed,Observed
Non-dropper,2,19,6/29/2024,1,,5,5/23/2024,61,2,W2,1067,3,11,14,1,1067,14,1,Observed,Observed,Observed
Non-dropper,2,20,6/29/2024,1,,5,5/23/2024,61,2,W2,1089,3,26,29,1,1089,29,1,Observed,Observed,Observed
Non-dropper,2,21,6/29/2024,1,,5,5/23/2024,61,2,W2,2000,3,7,10,1,2000,10,1,Observed,Observed,Observed
Non-dropper,2,22,6/29/2024,1,,5,5/23/2024,61,2,W2,2300,3,26,29,1,2300,29,1,Observed,Observed,Observed
Non-dropper,2,23,6/29/2024,1,,5,5/23/2024,61,2,W2,2500,3,57,60,1,2500,60,1,Observed,Observed,Observed
Non-dropper,2,24,6/29/2024,1,,5,5/23/2024,61,2,W2,2500,3,53,56,1,2500,56,1,Observed,Observed,Observed
Mix,3,-2,6/29/2024,1,,5,5/23/2024,61,3,W2,20,NA,NA,NA,1,NA,NA,NA,NA,NA,NA
Mix,3,0,6/29/2024,1,,5,5/23/2024,61,3,W2,75,3,0,3,1,75,3,1,Observed,Observed,Observed
Mix,3,1,6/29/2024,1,,5,5/23/2024,61,3,W2,23,3,0,3,1,23,3,1,Observed,Observed,Observed
Mix,3,2,6/29/2024,1,,5,5/23/2024,61,3,W2,26,3,0,3,1,26,3,1,Observed,Observed,Observed
Mix,3,3,6/29/2024,1,,5,5/23/2024,61,3,W2,31,3,0,3,1,31,3,1,Observed,Observed,Observed
Mix,3,4,6/29/2024,1,,5,5/23/2024,61,3,W2,26,3,0,3,1,26,3,1,Observed,Observed,Observed
Mix,3,5,6/29/2024,1,,5,5/23/2024,61,3,W2,20,3,0,3,1,20,3,1,Observed,Observed,Observed
Mix,3,6,6/29/2024,1,,5,5/23/2024,61,3,W2,9,3,0,3,1,9,3,1,Observed,Observed,Observed
Mix,3,7,6/29/2024,1,,5,5/23/2024,61,3,W2,16,3,0,3,1,16,3,1,Observed,Observed,Observed
Mix,3,8,6/29/2024,1,,5,5/23/2024,61,3,W2,8,3,0,3,1,8,3,1,Observed,Observed,Observed
Mix,3,9,6/29/2024,1,,5,5/23/2024,61,3,W2,19,3,0,3,1,19,3,1,Observed,Observed,Observed
Mix,3,10,6/29/2024,1,,5,5/23/2024,61,3,W2,6,3,0,3,1,6,3,1,Observed,Observed,Observed
Mix,3,11,6/29/2024,1,,5,5/23/2024,61,3,W2,5,3,0,3,1,5,3,1,Observed,Observed,Observed
Mix,3,12,6/29/2024,1,,5,5/23/2024,61,3,W2,10,3,0,3,1,10,3,1,Observed,Observed,Observed
Mix,3,13,6/29/2024,1,,5,5/23/2024,61,3,W2,26,3,0,3,1,26,3,1,Observed,Observed,Observed
Mix,3,14,6/29/2024,1,,5,5/23/2024,61,3,W2,29,3,0,3,1,29,3,1,Observed,Observed,Observed
Mix,3,15,6/29/2024,1,,5,5/23/2024,61,3,W2,30,3,0,3,1,30,3,1,Observed,Observed,Observed
Mix,3,16,6/29/2024,1,,5,5/23/2024,61,3,W2,38,3,0,3,1,38,3,1,Observed,Observed,Observed
Mix,3,17,6/29/2024,1,,5,5/23/2024,61,3,W2,34,3,0,3,1,34,3,1,Observed,Observed,Observed
Mix,3,18,6/29/2024,1,,5,5/23/2024,61,3,W2,29,3,3,6,1,29,6,1,Observed,Observed,Observed
Mix,3,19,6/29/2024,1,,5,5/23/2024,61,3,W2,21,3,3,6,1,21,6,1,Observed,Observed,Observed
Mix,3,20,6/29/2024,1,,5,5/23/2024,61,3,W2,32,3,0,3,1,32,3,1,Observed,Observed,Observed
Mix,3,21,6/29/2024,1,,5,5/23/2024,61,3,W2,25,3,0,3,1,25,3,1,Observed,Observed,Observed
Mix,3,22,6/29/2024,1,,5,5/23/2024,61,3,W2,39,3,0,3,1,39,3,1,Observed,Observed,Observed
Mix,3,23,6/29/2024,1,,5,5/23/2024,61,3,W2,43,3,0,3,1,43,3,1,Observed,Observed,Observed
Mix,3,24,6/29/2024,1,,5,5/23/2024,61,3,W2,46,2,0,2,1,46,2,1,Observed,Observed,Observed
Dropper,4,-2,07/04/2024,1,"49,29",5,5/28/2024,49,4,W2,20,NA,NA,NA,1,NA,NA,NA,NA,NA,NA
Dropper,4,0,07/04/2024,1,"49,29",5,5/28/2024,49,4,W2,282,3,0,3,1,282,3,1,Observed,Observed,Observed
Dropper,4,1,07/04/2024,1,"49,29",5,5/28/2024,49,4,W2,68,3,0,3,1,68,3,1,Observed,Observed,Observed
Dropper,4,2,07/04/2024,1,"49,29",5,5/28/2024,49,4,W2,76,3,0,3,1,76,3,1,Observed,Observed,Observed
Dropper,4,3,07/04/2024,1,"49,29",5,5/28/2024,49,4,W2,4,3,0,3,1,4,3,1,Observed,Observed,Observed
Dropper,4,4,07/04/2024,1,"49,29",5,5/28/2024,49,4,W2,7,3,0,3,1,7,3,1,Observed,Observed,Observed
Dropper,4,5,07/04/2024,1,"49,29",5,5/28/2024,49,4,W2,3,3,0,3,1,3,3,1,Observed,Observed,Observed
Dropper,4,6,07/04/2024,1,"49,29",5,5/28/2024,49,4,W2,2,3,0,3,1,2,3,1,Observed,Observed,Observed
Dropper,4,7,07/04/2024,1,"49,29",5,5/28/2024,49,4,W2,1,3,0,3,1,1,3,1,Observed,Observed,Observed
Dropper,4,8,07/04/2024,1,"49,29",5,5/28/2024,49,4,W2,1,3,0,3,1,1,3,1,Observed,Observed,Observed
Dropper,4,9,07/04/2024,1,"49,29",5,5/28/2024,49,4,W2,1,3,0,3,1,1,3,1,Observed,Observed,Observed
Dropper,4,10,07/04/2024,1,"49,29",5,5/28/2024,49,4,W2,1,3,0,3,1,1,3,1,Observed,Observed,Observed
Dropper,4,11,07/04/2024,1,"49,29",5,5/28/2024,49,4,W2,0,3,0,3,1,0,3,1,Observed,Observed,Observed
Dropper,4,12,07/04/2024,1,"49,29",5,5/28/2024,49,4,W2,0,3,0,3,1,0,3,1,Observed,Observed,Observed
Dropper,4,13,07/04/2024,1,"49,29",5,5/28/2024,49,4,W2,0,3,0,3,1,0,3,1,Observed,Observed,Observed
Dropper,4,14,07/04/2024,1,"49,29",5,5/28/2024,49,4,W2,0,3,0,3,1,0,3,1,Observed,Observed,Observed
Dropper,4,15,07/04/2024,1,"49,29",5,5/28/2024,49,4,W2,0,3,0,3,1,0,3,1,Observed,Observed,Observed
Dropper,4,16,07/04/2024,1,"49,29",5,5/28/2024,49,4,W2,0,3,0,3,1,0,3,1,Observed,Observed,Observed
Dropper,4,17,07/04/2024,1,"49,29",5,5/28/2024,49,4,W2,0,3,0,3,1,0,3,1,Observed,Observed,Observed
Dropper,4,18,07/04/2024,1,"49,29",5,5/28/2024,49,4,W2,0,3,0,3,1,0,3,1,Observed,Observed,Observed
Dropper,4,19,07/04/2024,1,"49,29",5,5/28/2024,49,4,W2,0,3,0,3,1,0,3,1,Observed,Observed,Observed
Dropper,4,20,07/04/2024,1,"49,29",5,5/28/2024,49,4,W2,0,3,0,3,1,0,3,1,Observed,Observed,Observed
Dropper,4,21,07/04/2024,1,"49,29",5,5/28/2024,49,4,W2,0,3,0,3,1,0,3,1,Observed,Observed,Observed
Dropper,4,22,07/04/2024,1,"49,29",5,5/28/2024,49,4,W2,0,3,0,3,1,0,3,1,Observed,Observed,Observed
Dropper,4,23,07/04/2024,1,"49,29",5,5/28/2024,49,4,W2,0,3,0,3,1,0,3,1,Observed,Observed,Observed
Dropper,4,24,07/04/2024,1,"49,29",5,5/28/2024,49,4,W2,0,3,0,3,1,0,3,1,Observed,Observed,Observed
Non-dropper,5,-2,07/04/2024,1,"28,48",5,5/28/2024,61,5,W2,20,NA,NA,NA,1,NA,NA,NA,NA,NA,NA
Non-dropper,5,0,07/04/2024,1,"28,48",5,5/28/2024,61,5,W2,242,3,0,3,1,242,3,1,Observed,Observed,Observed
Non-dropper,5,1,07/04/2024,1,"28,48",5,5/28/2024,61,5,W2,301,3,0,3,1,301,3,1,Observed,Observed,Observed
Non-dropper,5,2,07/04/2024,1,"28,48",5,5/28/2024,61,5,W2,276,3,0,3,1,276,3,1,Observed,Observed,Observed
Non-dropper,5,3,07/04/2024,1,"28,48",5,5/28/2024,61,5,W2,321,3,0,3,1,321,3,1,Observed,Observed,Observed
Non-dropper,5,4,07/04/2024,1,"28,48",5,5/28/2024,61,5,W2,301,3,0,3,1,301,3,1,Observed,Observed,Observed
Non-dropper,5,5,07/04/2024,1,"28,48",5,5/28/2024,61,5,W2,349,3,0,3,1,349,3,1,Observed,Observed,Observed
Non-dropper,5,6,07/04/2024,1,"28,48",5,5/28/2024,61,5,W2,312,3,0,3,1,312,3,1,Observed,Observed,Observed
Non-dropper,5,7,07/04/2024,1,"28,48",5,5/28/2024,61,5,W2,270,3,0,3,1,270,3,1,Observed,Observed,Observed
Non-dropper,5,8,07/04/2024,1,"28,48",5,5/28/2024,61,5,W2,346,3,0,3,1,346,3,1,Observed,Observed,Observed
Non-dropper,5,9,07/04/2024,1,"28,48",5,5/28/2024,61,5,W2,466,3,0,3,1,466,3,1,Observed,Observed,Observed
Non-dropper,5,10,07/04/2024,1,"28,48",5,5/28/2024,61,5,W2,609,3,0,3,1,609,3,1,Observed,Observed,Observed
Non-dropper,5,11,07/04/2024,1,"28,48",5,5/28/2024,61,5,W2,923,3,0,3,1,923,3,1,Observed,Observed,Observed
Non-dropper,5,12,07/04/2024,1,"28,48",5,5/28/2024,61,5,W2,1224,3,0,3,1,1224,3,1,Observed,Observed,Observed
Non-dropper,5,13,07/04/2024,1,"28,48",5,5/28/2024,61,5,W2,1428,3,39,42,1,1428,42,1,Observed,Observed,Observed
Non-dropper,5,14,07/04/2024,1,"28,48",5,5/28/2024,61,5,W2,1492,3,34,37,1,1492,37,1,Observed,Observed,Observed
Non-dropper,5,15,07/04/2024,1,"28,48",5,5/28/2024,61,5,W2,1280,3,31,34,1,1280,34,1,Observed,Observed,Observed
Non-dropper,5,16,07/04/2024,1,"28,48",5,5/28/2024,61,5,W2,1192,3,28,31,1,1192,31,1,Observed,Observed,Observed
Non-dropper,5,17,07/04/2024,1,"28,48",5,5/28/2024,61,5,W2,1268,3,32,35,1,1268,35,1,Observed,Observed,Observed
Non-dropper,5,18,07/04/2024,1,"28,48",5,5/28/2024,61,5,W2,2000,3,10,13,1,2000,13,1,Observed,Observed,Observed
Non-dropper,5,19,07/04/2024,1,"28,48",5,5/28/2024,61,5,W2,1986,3,41,44,1,1986,44,1,Observed,Observed,Observed
Non-dropper,5,20,07/04/2024,1,"28,48",5,5/28/2024,61,5,W2,1862,3,59,62,1,1862,62,1,Observed,Observed,Observed
Non-dropper,5,21,07/04/2024,1,"28,48",5,5/28/2024,61,5,W2,1920,3,54,57,1,1920,57,1,Observed,Observed,Observed
Non-dropper,5,22,07/04/2024,1,"28,48",5,5/28/2024,61,5,W2,1796,3,58,61,1,1796,61,1,Observed,Observed,Observed
Non-dropper,5,23,07/04/2024,1,"28,48",5,5/28/2024,61,5,W2,1830,3,57,60,1,1830,60,1,Observed,Observed,Observed
Non-dropper,5,24,07/04/2024,1,"28,48",5,5/28/2024,61,5,W2,1572,3,59,62,1,1572,62,1,Observed,Observed,Observed
Mix,6,-2,07/04/2024,1,"40,50",5,5/28/2024,52,6,W2,20,NA,NA,NA,1,NA,NA,NA,NA,NA,NA
Mix,6,0,07/04/2024,1,"40,50",5,5/28/2024,52,6,W2,186,3,0,3,1,186,3,1,Observed,Observed,Observed
Mix,6,1,07/04/2024,1,"40,50",5,5/28/2024,52,6,W2,120,3,0,3,1,120,3,1,Observed,Observed,Observed
Mix,6,2,07/04/2024,1,"40,50",5,5/28/2024,52,6,W2,192,3,0,3,1,192,3,1,Observed,Observed,Observed
Mix,6,3,07/04/2024,1,"40,50",5,5/28/2024,52,6,W2,118,3,0,3,1,118,3,1,Observed,Observed,Observed
Mix,6,4,07/04/2024,1,"40,50",5,5/28/2024,52,6,W2,136,3,0,3,1,136,3,1,Observed,Observed,Observed
Mix,6,5,07/04/2024,1,"40,50",5,5/28/2024,52,6,W2,67,3,0,3,1,67,3,1,Observed,Observed,Observed
Mix,6,6,07/04/2024,1,"40,50",5,5/28/2024,52,6,W2,78,3,0,3,1,78,3,1,Observed,Observed,Observed
Mix,6,7,07/04/2024,1,"40,50",5,5/28/2024,52,6,W2,32,3,0,3,1,32,3,1,Observed,Observed,Observed
Mix,6,8,07/04/2024,1,"40,50",5,5/28/2024,52,6,W2,52,3,0,3,1,52,3,1,Observed,Observed,Observed
Mix,6,9,07/04/2024,1,"40,50",5,5/28/2024,52,6,W2,69,3,0,3,1,69,3,1,Observed,Observed,Observed
Mix,6,10,07/04/2024,1,"40,50",5,5/28/2024,52,6,W2,64,3,0,3,1,64,3,1,Observed,Observed,Observed
Mix,6,11,07/04/2024,1,"40,50",5,5/28/2024,52,6,W2,67,3,0,3,1,67,3,1,Observed,Observed,Observed
Mix,6,12,07/04/2024,1,"40,50",5,5/28/2024,52,6,W2,82,3,0,3,1,82,3,1,Observed,Observed,Observed
Mix,6,13,07/04/2024,1,"40,50",5,5/28/2024,52,6,W2,74,3,0,3,1,74,3,1,Observed,Observed,Observed
Mix,6,14,07/04/2024,1,"40,50",5,5/28/2024,52,6,W2,69,3,15,18,1,69,18,1,Observed,Observed,Observed
Mix,6,15,07/04/2024,1,"40,50",5,5/28/2024,52,6,W2,54,3,20,23,1,54,23,1,Observed,Observed,Observed
Mix,6,16,07/04/2024,1,"40,50",5,5/28/2024,52,6,W2,62,2,22,24,1,62,24,1,Observed,Observed,Observed
Mix,6,17,07/04/2024,1,"40,50",5,5/28/2024,52,6,W2,52,2,14,16,1,52,16,1,Observed,Observed,Observed
Mix,6,18,07/04/2024,1,"40,50",5,5/28/2024,52,6,W2,90,2,7,9,1,90,9,1,Observed,Observed,Observed
Mix,6,19,07/04/2024,1,"40,50",5,5/28/2024,52,6,W2,86,2,10,12,1,86,12,1,Observed,Observed,Observed
Mix,6,20,07/04/2024,1,"40,50",5,5/28/2024,52,6,W2,127,2,9,11,1,127,11,1,Observed,Observed,Observed
Mix,6,21,07/04/2024,1,"40,50",5,5/28/2024,52,6,W2,82,2,10,12,1,82,12,1,Observed,Observed,Observed
Mix,6,22,07/04/2024,1,"40,50",5,5/28/2024,52,6,W2,78,2,8,10,1,78,10,1,Observed,Observed,Observed
Mix,6,23,07/04/2024,1,"40,50",5,5/28/2024,52,6,W2,119,2,7,9,1,119,9,1,Observed,Observed,Observed
Mix,6,24,07/04/2024,1,"40,50",5,5/28/2024,52,6,W2,87,2,7,9,1,87,9,1,Observed,Observed,Observed
Dropper,7,-2,7/25/2024,2,"28,37",4.5,6/21/2024,50,1,W0,20,NA,NA,NA,1,NA,NA,NA,NA,NA,NA
Dropper,7,-1,7/25/2024,2,"28,37",4.5,6/21/2024,50,1,W0,88,NA,NA,NA,1,NA,NA,NA,NA,NA,NA
Dropper,7,0,7/25/2024,2,"28,37",4.5,6/21/2024,50,1,W0,146,3,0,3,1,146,3,1,Observed,Observed,Observed
Dropper,7,1,7/25/2024,2,"28,37",4.5,6/21/2024,50,1,W0,79,3,0,3,1,79,3,1,Observed,Observed,Observed
Dropper,7,2,7/25/2024,2,"28,37",4.5,6/21/2024,50,1,W0,21,3,0,3,1,21,3,1,Observed,Observed,Observed
Dropper,7,3,7/25/2024,2,"28,37",4.5,6/21/2024,50,1,W0,12,3,0,3,1,12,3,1,Observed,Observed,Observed
Dropper,7,4,7/25/2024,2,"28,37",4.5,6/21/2024,50,1,W0,14,3,0,3,1,14,3,1,Observed,Observed,Observed
Dropper,7,5,7/25/2024,2,"28,37",4.5,6/21/2024,50,1,W0,9,3,0,3,1,9,3,1,Observed,Observed,Observed
Dropper,7,6,7/25/2024,2,"28,37",4.5,6/21/2024,50,1,W0,0,3,0,3,1,0,3,1,Observed,Observed,Observed
Dropper,7,7,7/25/2024,2,"28,37",4.5,6/21/2024,50,1,W0,0,3,0,3,1,0,3,1,Observed,Observed,Observed
Dropper,7,8,7/25/2024,2,"28,37",4.5,6/21/2024,50,1,W0,0,3,0,3,1,0,3,1,Observed,Observed,Observed
Dropper,7,9,7/25/2024,2,"28,37",4.5,6/21/2024,50,1,W0,0,3,0,3,1,0,3,1,Observed,Observed,Observed
Dropper,7,10,7/25/2024,2,"28,37",4.5,6/21/2024,50,1,W0,0,3,0,3,1,0,3,1,Observed,Observed,Observed
Dropper,7,11,7/25/2024,2,"28,37",4.5,6/21/2024,50,1,W0,0,3,0,3,1,0,3,1,Observed,Observed,Observed
Dropper,7,12,7/25/2024,2,"28,37",4.5,6/21/2024,50,1,W0,0,3,0,3,1,0,3,1,Observed,Observed,Observed
Dropper,7,13,7/25/2024,2,"28,37",4.5,6/21/2024,50,1,W0,0,3,0,3,1,0,3,1,Observed,Observed,Observed
Dropper,7,14,7/25/2024,2,"28,37",4.5,6/21/2024,50,1,W0,0,3,0,3,1,0,3,1,Observed,Observed,Observed
Dropper,7,15,7/25/2024,2,"28,37",4.5,6/21/2024,50,1,W0,0,3,0,3,1,0,3,1,Observed,Observed,Observed
Dropper,7,16,7/25/2024,2,"28,37",4.5,6/21/2024,50,1,W0,0,3,0,3,1,0,3,1,Observed,Observed,Observed
Dropper,7,17,7/25/2024,2,"28,37",4.5,6/21/2024,50,1,W0,0,3,0,3,1,0,3,1,Observed,Observed,Observed
Dropper,7,18,7/25/2024,2,"28,37",4.5,6/21/2024,50,1,W0,0,3,0,3,1,0,3,1,Observed,Observed,Observed
Dropper,7,19,7/25/2024,2,"28,37",4.5,6/21/2024,50,1,W0,0,3,0,3,1,0,3,1,Observed,Observed,Observed
Dropper,7,20,7/25/2024,2,"28,37",4.5,6/21/2024,50,1,W0,0,3,0,3,1,0,3,1,Observed,Observed,Observed
Dropper,7,21,7/25/2024,2,"28,37",4.5,6/21/2024,50,1,W0,0,3,0,3,1,0,3,1,Observed,Observed,Observed
Dropper,7,22,7/25/2024,2,"28,37",4.5,6/21/2024,50,1,W0,0,3,0,3,1,0,3,1,Observed,Observed,Observed
Dropper,7,23,7/25/2024,2,"28,37",4.5,6/21/2024,50,1,W0,0,3,0,3,1,0,3,1,Observed,Observed,Observed
Dropper,7,24,7/25/2024,2,"28,37",4.5,6/21/2024,50,1,W0,0,3,0,3,1,0,3,1,Observed,Observed,Observed
Non-dropper,8,-2,7/25/2024,2,"42,46",4.5,6/21/2024,65,2,W0,20,NA,NA,NA,1,NA,NA,NA,NA,NA,NA
Non-dropper,8,-1,7/25/2024,2,"42,46",4.5,6/21/2024,65,2,W0,72,NA,NA,NA,1,NA,NA,NA,NA,NA,NA
Non-dropper,8,0,7/25/2024,2,"42,46",4.5,6/21/2024,65,2,W0,140,3,0,3,1,140,3,1,Observed,Observed,Observed
Non-dropper,8,1,7/25/2024,2,"42,46",4.5,6/21/2024,65,2,W0,66,3,0,3,1,66,3,1,Observed,Observed,Observed
Non-dropper,8,2,7/25/2024,2,"42,46",4.5,6/21/2024,65,2,W0,14,3,0,3,1,14,3,1,Observed,Observed,Observed
Non-dropper,8,3,7/25/2024,2,"42,46",4.5,6/21/2024,65,2,W0,19,3,0,3,1,19,3,1,Observed,Observed,Observed
Non-dropper,8,4,7/25/2024,2,"42,46",4.5,6/21/2024,65,2,W0,21,3,0,3,1,21,3,1,Observed,Observed,Observed
Non-dropper,8,5,7/25/2024,2,"42,46",4.5,6/21/2024,65,2,W0,17,3,0,3,1,17,3,1,Observed,Observed,Observed
Non-dropper,8,6,7/25/2024,2,"42,46",4.5,6/21/2024,65,2,W0,13,3,0,3,1,13,3,1,Observed,Observed,Observed
Non-dropper,8,7,7/25/2024,2,"42,46",4.5,6/21/2024,65,2,W0,9,3,0,3,1,9,3,1,Observed,Observed,Observed
Non-dropper,8,8,7/25/2024,2,"42,46",4.5,6/21/2024,65,2,W0,3,3,0,3,1,3,3,1,Observed,Observed,Observed
Non-dropper,8,9,7/25/2024,2,"42,46",4.5,6/21/2024,65,2,W0,1,3,0,3,1,1,3,1,Observed,Observed,Observed
Non-dropper,8,10,7/25/2024,2,"42,46",4.5,6/21/2024,65,2,W0,1,3,0,3,1,1,3,1,Observed,Observed,Observed
Non-dropper,8,11,7/25/2024,2,"42,46",4.5,6/21/2024,65,2,W0,1,3,0,3,1,1,3,1,Observed,Observed,Observed
Non-dropper,8,12,7/25/2024,2,"42,46",4.5,6/21/2024,65,2,W0,1,3,0,3,1,1,3,1,Observed,Observed,Observed
Non-dropper,8,13,7/25/2024,2,"42,46",4.5,6/21/2024,65,2,W0,1,3,0,3,1,1,3,1,Observed,Observed,Observed
Non-dropper,8,14,7/25/2024,2,"42,46",4.5,6/21/2024,65,2,W0,1,3,0,3,1,1,3,1,Observed,Observed,Observed
Non-dropper,8,15,7/25/2024,2,"42,46",4.5,6/21/2024,65,2,W0,2,3,0,3,1,2,3,1,Observed,Observed,Observed
Non-dropper,8,16,7/25/2024,2,"42,46",4.5,6/21/2024,65,2,W0,1,3,0,3,1,1,3,1,Observed,Observed,Observed
Non-dropper,8,17,7/25/2024,2,"42,46",4.5,6/21/2024,65,2,W0,1,3,0,3,1,1,3,1,Observed,Observed,Observed
Non-dropper,8,18,7/25/2024,2,"42,46",4.5,6/21/2024,65,2,W0,1,3,0,3,1,1,3,1,Observed,Observed,Observed
Non-dropper,8,19,7/25/2024,2,"42,46",4.5,6/21/2024,65,2,W0,1,3,0,3,1,1,3,1,Observed,Observed,Observed
Non-dropper,8,20,7/25/2024,2,"42,46",4.5,6/21/2024,65,2,W0,1,3,0,3,1,1,3,1,Observed,Observed,Observed
Non-dropper,8,21,7/25/2024,2,"42,46",4.5,6/21/2024,65,2,W0,1,3,0,3,1,1,3,1,Observed,Observed,Observed
Non-dropper,8,22,7/25/2024,2,"42,46",4.5,6/21/2024,65,2,W0,1,3,0,3,1,1,3,1,Observed,Observed,Observed
Non-dropper,8,23,7/25/2024,2,"42,46",4.5,6/21/2024,65,2,W0,1,3,0,3,1,1,3,1,Observed,Observed,Observed
Non-dropper,8,24,7/25/2024,2,"42,46",4.5,6/21/2024,65,2,W0,2,3,0,3,1,2,3,1,Observed,Observed,Observed
Mix,9,-2,7/25/2024,2,"48,46",4.5,6/21/2024,57,3,W0,20,NA,NA,NA,1,NA,NA,NA,NA,NA,NA
Mix,9,-1,7/25/2024,2,"48,46",4.5,6/21/2024,57,3,W0,69,NA,NA,NA,1,NA,NA,NA,NA,NA,NA
Mix,9,0,7/25/2024,2,"48,46",4.5,6/21/2024,57,3,W0,132,3,0,3,1,132,3,1,Observed,Observed,Observed
Mix,9,1,7/25/2024,2,"48,46",4.5,6/21/2024,57,3,W0,72,3,0,3,1,72,3,1,Observed,Observed,Observed
Mix,9,2,7/25/2024,2,"48,46",4.5,6/21/2024,57,3,W0,39,3,0,3,1,39,3,1,Observed,Observed,Observed
Mix,9,3,7/25/2024,2,"48,46",4.5,6/21/2024,57,3,W0,49,3,0,3,1,49,3,1,Observed,Observed,Observed
Mix,9,4,7/25/2024,2,"48,46",4.5,6/21/2024,57,3,W0,56,3,0,3,1,56,3,1,Observed,Observed,Observed
Mix,9,5,7/25/2024,2,"48,46",4.5,6/21/2024,57,3,W0,36,3,0,3,1,36,3,1,Observed,Observed,Observed
Mix,9,6,7/25/2024,2,"48,46",4.5,6/21/2024,57,3,W0,16,3,0,3,1,16,3,1,Observed,Observed,Observed
Mix,9,7,7/25/2024,2,"48,46",4.5,6/21/2024,57,3,W0,20,3,0,3,1,20,3,1,Observed,Observed,Observed
Mix,9,8,7/25/2024,2,"48,46",4.5,6/21/2024,57,3,W0,11,3,0,3,1,11,3,1,Observed,Observed,Observed
Mix,9,9,7/25/2024,2,"48,46",4.5,6/21/2024,57,3,W0,7,3,0,3,1,7,3,1,Observed,Observed,Observed
Mix,9,10,7/25/2024,2,"48,46",4.5,6/21/2024,57,3,W0,4,3,0,3,1,4,3,1,Observed,Observed,Observed
Mix,9,11,7/25/2024,2,"48,46",4.5,6/21/2024,57,3,W0,1,3,0,3,1,1,3,1,Observed,Observed,Observed
Mix,9,12,7/25/2024,2,"48,46",4.5,6/21/2024,57,3,W0,2,3,0,3,1,2,3,1,Observed,Observed,Observed
Mix,9,13,7/25/2024,2,"48,46",4.5,6/21/2024,57,3,W0,0,3,0,3,1,0,3,1,Observed,Observed,Observed
Mix,9,14,7/25/2024,2,"48,46",4.5,6/21/2024,57,3,W0,0,3,0,3,1,0,3,1,Observed,Observed,Observed
Mix,9,15,7/25/2024,2,"48,46",4.5,6/21/2024,57,3,W0,0,3,0,3,1,0,3,1,Observed,Observed,Observed
Mix,9,16,7/25/2024,2,"48,46",4.5,6/21/2024,57,3,W0,0,3,0,3,1,0,3,1,Observed,Observed,Observed
Mix,9,17,7/25/2024,2,"48,46",4.5,6/21/2024,57,3,W0,0,3,0,3,1,0,3,1,Observed,Observed,Observed
Mix,9,18,7/25/2024,2,"48,46",4.5,6/21/2024,57,3,W0,0,3,0,3,1,0,3,1,Observed,Observed,Observed
Mix,9,19,7/25/2024,2,"48,46",4.5,6/21/2024,57,3,W0,0,3,0,3,1,0,3,1,Observed,Observed,Observed
Mix,9,20,7/25/2024,2,"48,46",4.5,6/21/2024,57,3,W0,0,3,0,3,1,0,3,1,Observed,Observed,Observed
Mix,9,21,7/25/2024,2,"48,46",4.5,6/21/2024,57,3,W0,0,3,0,3,1,0,3,1,Observed,Observed,Observed
Mix,9,22,7/25/2024,2,"48,46",4.5,6/21/2024,57,3,W0,0,3,0,3,1,0,3,1,Observed,Observed,Observed
Mix,9,23,7/25/2024,2,"48,46",4.5,6/21/2024,57,3,W0,0,3,0,3,1,0,3,1,Observed,Observed,Observed
Mix,9,24,7/25/2024,2,"48,46",4.5,6/21/2024,57,3,W0,0,3,0,3,1,0,3,1,Observed,Observed,Observed
Dropper,10,-2,08/09/2024,2,"56,45",4,07/11/2024,45,2,W2,20,NA,NA,NA,1,NA,NA,NA,NA,NA,NA
Dropper,10,0,08/09/2024,2,"56,45",4,07/11/2024,45,2,W2,62,3,0,3,1,62,3,1,Observed,Observed,Observed
Dropper,10,1,08/09/2024,2,"56,45",4,07/11/2024,45,2,W2,128,3,0,3,1,128,3,1,Observed,Observed,Observed
Dropper,10,2,08/09/2024,2,"56,45",4,07/11/2024,45,2,W2,58,3,0,3,1,58,3,1,Observed,Observed,Observed
Dropper,10,3,08/09/2024,2,"56,45",4,07/11/2024,45,2,W2,26,3,0,3,1,26,3,1,Observed,Observed,Observed
Dropper,10,4,08/09/2024,2,"56,45",4,07/11/2024,45,2,W2,16,3,0,3,1,16,3,1,Observed,Observed,Observed
Dropper,10,5,08/09/2024,2,"56,45",4,07/11/2024,45,2,W2,8,3,0,3,1,8,3,1,Observed,Observed,Observed
Dropper,10,6,08/09/2024,2,"56,45",4,07/11/2024,45,2,W2,6,3,0,3,1,6,3,1,Observed,Observed,Observed
Dropper,10,7,08/09/2024,2,"56,45",4,07/11/2024,45,2,W2,5,3,0,3,1,5,3,1,Observed,Observed,Observed
Dropper,10,8,08/09/2024,2,"56,45",4,07/11/2024,45,2,W2,6,3,0,3,1,6,3,1,Observed,Observed,Observed
Dropper,10,9,08/09/2024,2,"56,45",4,07/11/2024,45,2,W2,1,3,0,3,1,1,3,1,Observed,Observed,Observed
Dropper,10,10,08/09/2024,2,"56,45",4,07/11/2024,45,2,W2,1,3,3,6,1,1,6,1,Observed,Observed,Observed
Dropper,10,11,08/09/2024,2,"56,45",4,07/11/2024,45,2,W2,9,3,2,5,1,9,5,1,Observed,Observed,Observed
Dropper,10,12,08/09/2024,2,"56,45",4,07/11/2024,45,2,W2,2,3,0,3,1,2,3,1,Observed,Observed,Observed
Dropper,10,13,08/09/2024,2,"56,45",4,07/11/2024,45,2,W2,3,3,12,15,1,3,15,1,Observed,Observed,Observed
Dropper,10,14,08/09/2024,2,"56,45",4,07/11/2024,45,2,W2,3,3,11,14,1,3,14,1,Observed,Observed,Observed
Dropper,10,15,08/09/2024,2,"56,45",4,07/11/2024,45,2,W2,0,3,0,3,1,0,3,1,Observed,Observed,Observed
Dropper,10,16,08/09/2024,2,"56,45",4,07/11/2024,45,2,W2,0,3,0,3,1,0,3,1,Observed,Observed,Observed
Dropper,10,17,08/09/2024,2,"56,45",4,07/11/2024,45,2,W2,0,3,0,3,1,0,3,1,Observed,Observed,Observed
Dropper,10,18,08/09/2024,2,"56,45",4,07/11/2024,45,2,W2,0,3,0,3,1,0,3,1,Observed,Observed,Observed
Dropper,10,19,08/09/2024,2,"56,45",4,07/11/2024,45,2,W2,0,3,0,3,1,0,3,1,Observed,Observed,Observed
Dropper,10,20,08/09/2024,2,"56,45",4,07/11/2024,45,2,W2,0,3,0,3,1,0,3,1,Observed,Observed,Observed
Dropper,10,21,08/09/2024,2,"56,45",4,07/11/2024,45,2,W2,0,3,0,3,1,0,3,1,Observed,Observed,Observed
Dropper,10,22,08/09/2024,2,"56,45",4,07/11/2024,45,2,W2,0,3,0,3,1,0,3,1,Observed,Observed,Observed
Dropper,10,23,08/09/2024,2,"56,45",4,07/11/2024,45,2,W2,0,3,0,3,1,0,3,1,Observed,Observed,Observed
Dropper,10,24,08/09/2024,2,"56,45",4,07/11/2024,45,2,W2,0,3,0,3,1,0,3,1,Observed,Observed,Observed
Non-dropper,11,-2,08/09/2024,2,"43,44",4,07/11/2024,47,3,W2,20,NA,NA,NA,1,NA,NA,NA,NA,NA,NA
Non-dropper,11,0,08/09/2024,2,"43,44",4,07/11/2024,47,3,W2,96,3,0,3,1,96,3,1,Observed,Observed,Observed
Non-dropper,11,1,08/09/2024,2,"43,44",4,07/11/2024,47,3,W2,144,3,0,3,1,144,3,1,Observed,Observed,Observed
Non-dropper,11,2,08/09/2024,2,"43,44",4,07/11/2024,47,3,W2,38,3,0,3,1,38,3,1,Observed,Observed,Observed
Non-dropper,11,3,08/09/2024,2,"43,44",4,07/11/2024,47,3,W2,66,3,0,3,1,66,3,1,Observed,Observed,Observed
Non-dropper,11,4,08/09/2024,2,"43,44",4,07/11/2024,47,3,W2,84,3,0,3,1,84,3,1,Observed,Observed,Observed
Non-dropper,11,5,08/09/2024,2,"43,44",4,07/11/2024,47,3,W2,25,3,0,3,1,25,3,1,Observed,Observed,Observed
Non-dropper,11,6,08/09/2024,2,"43,44",4,07/11/2024,47,3,W2,17,3,0,3,1,17,3,1,Observed,Observed,Observed
Non-dropper,11,7,08/09/2024,2,"43,44",4,07/11/2024,47,3,W2,4,3,5,8,1,4,8,1,Observed,Observed,Observed
Non-dropper,11,8,08/09/2024,2,"43,44",4,07/11/2024,47,3,W2,3,3,0,3,1,3,3,1,Observed,Observed,Observed
Non-dropper,11,9,08/09/2024,2,"43,44",4,07/11/2024,47,3,W2,5,3,0,3,1,5,3,1,Observed,Observed,Observed
Non-dropper,11,10,08/09/2024,2,"43,44",4,07/11/2024,47,3,W2,2,3,0,3,1,2,3,1,Observed,Observed,Observed
Non-dropper,11,11,08/09/2024,2,"43,44",4,07/11/2024,47,3,W2,1,3,0,3,1,1,3,1,Observed,Observed,Observed
Non-dropper,11,12,08/09/2024,2,"43,44",4,07/11/2024,47,3,W2,1,3,0,3,1,1,3,1,Observed,Observed,Observed
Non-dropper,11,13,08/09/2024,2,"43,44",4,07/11/2024,47,3,W2,1,3,5,8,1,1,8,1,Observed,Observed,Observed
Non-dropper,11,14,08/09/2024,2,"43,44",4,07/11/2024,47,3,W2,5,3,4,7,1,5,7,1,Observed,Observed,Observed
Non-dropper,11,15,08/09/2024,2,"43,44",4,07/11/2024,47,3,W2,10,3,0,3,1,10,3,1,Observed,Observed,Observed
Non-dropper,11,16,08/09/2024,2,"43,44",4,07/11/2024,47,3,W2,11,3,0,3,1,11,3,1,Observed,Observed,Observed
Non-dropper,11,17,08/09/2024,2,"43,44",4,07/11/2024,47,3,W2,6,3,3,6,1,6,6,1,Observed,Observed,Observed
Non-dropper,11,18,08/09/2024,2,"43,44",4,07/11/2024,47,3,W2,3,3,4,7,1,3,7,1,Observed,Observed,Observed
Non-dropper,11,19,08/09/2024,2,"43,44",4,07/11/2024,47,3,W2,1,3,3,6,1,1,6,1,Observed,Observed,Observed
Non-dropper,11,20,08/09/2024,2,"43,44",4,07/11/2024,47,3,W2,3,3,3,6,1,3,6,1,Observed,Observed,Observed
Non-dropper,11,21,08/09/2024,2,"43,44",4,07/11/2024,47,3,W2,0,3,0,3,1,0,3,1,Observed,Observed,Observed
Non-dropper,11,22,08/09/2024,2,"43,44",4,07/11/2024,47,3,W2,0,3,0,3,1,0,3,1,Observed,Observed,Observed
Non-dropper,11,23,08/09/2024,2,"43,44",4,07/11/2024,47,3,W2,0,3,0,3,1,0,3,1,Observed,Observed,Observed
Non-dropper,11,24,08/09/2024,2,"43,44",4,07/11/2024,47,3,W2,0,3,0,3,1,0,3,1,Observed,Observed,Observed
Mix,12,-2,08/09/2024,2,"35,48",4,07/11/2024,43,1,W2,20,NA,NA,NA,1,NA,NA,NA,NA,NA,NA
Mix,12,0,08/09/2024,2,"35,48",4,07/11/2024,43,1,W2,98,3,0,3,1,98,3,1,Observed,Observed,Observed
Mix,12,1,08/09/2024,2,"35,48",4,07/11/2024,43,1,W2,99,3,0,3,1,99,3,1,Observed,Observed,Observed
Mix,12,2,08/09/2024,2,"35,48",4,07/11/2024,43,1,W2,49,3,0,3,1,49,3,1,Observed,Observed,Observed
Mix,12,3,08/09/2024,2,"35,48",4,07/11/2024,43,1,W2,16,3,0,3,1,16,3,1,Observed,Observed,Observed
Mix,12,4,08/09/2024,2,"35,48",4,07/11/2024,43,1,W2,12,3,0,3,1,12,3,1,Observed,Observed,Observed
Mix,12,5,08/09/2024,2,"35,48",4,07/11/2024,43,1,W2,3,3,0,3,1,3,3,1,Observed,Observed,Observed
Mix,12,6,08/09/2024,2,"35,48",4,07/11/2024,43,1,W2,6,3,0,3,1,6,3,1,Observed,Observed,Observed
Mix,12,7,08/09/2024,2,"35,48",4,07/11/2024,43,1,W2,2,3,0,3,1,2,3,1,Observed,Observed,Observed
Mix,12,8,08/09/2024,2,"35,48",4,07/11/2024,43,1,W2,1,3,0,3,1,1,3,1,Observed,Observed,Observed
Mix,12,9,08/09/2024,2,"35,48",4,07/11/2024,43,1,W2,2,3,0,3,1,2,3,1,Observed,Observed,Observed
Mix,12,10,08/09/2024,2,"35,48",4,07/11/2024,43,1,W2,0,3,0,3,1,0,3,1,Observed,Observed,Observed
Mix,12,11,08/09/2024,2,"35,48",4,07/11/2024,43,1,W2,0,3,0,3,1,0,3,1,Observed,Observed,Observed
Mix,12,12,08/09/2024,2,"35,48",4,07/11/2024,43,1,W2,0,3,0,3,1,0,3,1,Observed,Observed,Observed
Mix,12,13,08/09/2024,2,"35,48",4,07/11/2024,43,1,W2,0,3,0,3,1,0,3,1,Observed,Observed,Observed
Mix,12,14,08/09/2024,2,"35,48",4,07/11/2024,43,1,W2,0,3,0,3,1,0,3,1,Observed,Observed,Observed
Mix,12,15,08/09/2024,2,"35,48",4,07/11/2024,43,1,W2,0,3,0,3,1,0,3,1,Observed,Observed,Observed
Mix,12,16,08/09/2024,2,"35,48",4,07/11/2024,43,1,W2,0,3,0,3,1,0,3,1,Observed,Observed,Observed
Mix,12,17,08/09/2024,2,"35,48",4,07/11/2024,43,1,W2,0,3,0,3,1,0,3,1,Observed,Observed,Observed
Mix,12,18,08/09/2024,2,"35,48",4,07/11/2024,43,1,W2,0,3,0,3,1,0,3,1,Observed,Observed,Observed
Mix,12,19,08/09/2024,2,"35,48",4,07/11/2024,43,1,W2,0,3,0,3,1,0,3,1,Observed,Observed,Observed
Mix,12,20,08/09/2024,2,"35,48",4,07/11/2024,43,1,W2,0,3,0,3,1,0,3,1,Observed,Observed,Observed
Mix,12,21,08/09/2024,2,"35,48",4,07/11/2024,43,1,W2,0,3,0,3,1,0,3,1,Observed,Observed,Observed
Mix,12,22,08/09/2024,2,"35,48",4,07/11/2024,43,1,W2,0,3,0,3,1,0,3,1,Observed,Observed,Observed
Mix,12,23,08/09/2024,2,"35,48",4,07/11/2024,43,1,W2,0,3,0,3,1,0,3,1,Observed,Observed,Observed
Mix,12,24,08/09/2024,2,"35,48",4,07/11/2024,43,1,W2,0,3,0,3,1,0,3,1,Observed,Observed,Observed
Dropper,13,-2,08/09/2024,2,"40,43",4,07/11/2024,50,5,W2,20,NA,NA,NA,1,NA,NA,NA,NA,NA,NA
Dropper,13,0,08/09/2024,2,"40,43",4,07/11/2024,50,5,W2,111,3,0,3,1,111,3,1,Observed,Observed,Observed
Dropper,13,1,08/09/2024,2,"40,43",4,07/11/2024,50,5,W2,113,3,0,3,1,113,3,1,Observed,Observed,Observed
Dropper,13,2,08/09/2024,2,"40,43",4,07/11/2024,50,5,W2,22,3,0,3,1,22,3,1,Observed,Observed,Observed
Dropper,13,3,08/09/2024,2,"40,43",4,07/11/2024,50,5,W2,6,3,0,3,1,6,3,1,Observed,Observed,Observed
Dropper,13,4,08/09/2024,2,"40,43",4,07/11/2024,50,5,W2,8,3,0,3,1,8,3,1,Observed,Observed,Observed
Dropper,13,5,08/09/2024,2,"40,43",4,07/11/2024,50,5,W2,0,3,0,3,1,0,3,1,Observed,Observed,Observed
Dropper,13,6,08/09/2024,2,"40,43",4,07/11/2024,50,5,W2,0,3,0,3,1,0,3,1,Observed,Observed,Observed
Dropper,13,7,08/09/2024,2,"40,43",4,07/11/2024,50,5,W2,0,3,0,3,1,0,3,1,Observed,Observed,Observed
Dropper,13,8,08/09/2024,2,"40,43",4,07/11/2024,50,5,W2,0,3,0,3,1,0,3,1,Observed,Observed,Observed
Dropper,13,9,08/09/2024,2,"40,43",4,07/11/2024,50,5,W2,0,3,0,3,1,0,3,1,Observed,Observed,Observed
Dropper,13,10,08/09/2024,2,"40,43",4,07/11/2024,50,5,W2,0,3,0,3,1,0,3,1,Observed,Observed,Observed
Dropper,13,11,08/09/2024,2,"40,43",4,07/11/2024,50,5,W2,0,3,0,3,1,0,3,1,Observed,Observed,Observed
Dropper,13,12,08/09/2024,2,"40,43",4,07/11/2024,50,5,W2,0,3,0,3,1,0,3,1,Observed,Observed,Observed
Dropper,13,13,08/09/2024,2,"40,43",4,07/11/2024,50,5,W2,0,3,0,3,1,0,3,1,Observed,Observed,Observed
Dropper,13,14,08/09/2024,2,"40,43",4,07/11/2024,50,5,W2,0,3,0,3,1,0,3,1,Observed,Observed,Observed
Dropper,13,15,08/09/2024,2,"40,43",4,07/11/2024,50,5,W2,0,3,0,3,1,0,3,1,Observed,Observed,Observed
Dropper,13,16,08/09/2024,2,"40,43",4,07/11/2024,50,5,W2,0,3,0,3,1,0,3,1,Observed,Observed,Observed
Dropper,13,17,08/09/2024,2,"40,43",4,07/11/2024,50,5,W2,0,3,0,3,1,0,3,1,Observed,Observed,Observed
Dropper,13,18,08/09/2024,2,"40,43",4,07/11/2024,50,5,W2,0,3,0,3,1,0,3,1,Observed,Observed,Observed
Dropper,13,19,08/09/2024,2,"40,43",4,07/11/2024,50,5,W2,0,3,0,3,1,0,3,1,Observed,Observed,Observed
Dropper,13,20,08/09/2024,2,"40,43",4,07/11/2024,50,5,W2,0,3,0,3,1,0,3,1,Observed,Observed,Observed
Dropper,13,21,08/09/2024,2,"40,43",4,07/11/2024,50,5,W2,0,3,0,3,1,0,3,1,Observed,Observed,Observed
Dropper,13,22,08/09/2024,2,"40,43",4,07/11/2024,50,5,W2,0,3,0,3,1,0,3,1,Observed,Observed,Observed
Dropper,13,23,08/09/2024,2,"40,43",4,07/11/2024,50,5,W2,0,3,0,3,1,0,3,1,Observed,Observed,Observed
Dropper,13,24,08/09/2024,2,"40,43",4,07/11/2024,50,5,W2,0,3,0,3,1,0,3,1,Observed,Observed,Observed
Non-dropper,14,-2,08/09/2024,2,"43,44",4,07/11/2024,58,6,W2,20,NA,NA,NA,1,NA,NA,NA,NA,NA,NA
Non-dropper,14,0,08/09/2024,2,"43,44",4,07/11/2024,58,6,W2,108,3,0,3,1,108,3,1,Observed,Observed,Observed
Non-dropper,14,1,08/09/2024,2,"43,44",4,07/11/2024,58,6,W2,139,3,0,3,1,139,3,1,Observed,Observed,Observed
Non-dropper,14,2,08/09/2024,2,"43,44",4,07/11/2024,58,6,W2,79,3,0,3,1,79,3,1,Observed,Observed,Observed
Non-dropper,14,3,08/09/2024,2,"43,44",4,07/11/2024,58,6,W2,49,3,0,3,1,49,3,1,Observed,Observed,Observed
Non-dropper,14,4,08/09/2024,2,"43,44",4,07/11/2024,58,6,W2,52,3,0,3,1,52,3,1,Observed,Observed,Observed
Non-dropper,14,5,08/09/2024,2,"43,44",4,07/11/2024,58,6,W2,29,3,0,3,1,29,3,1,Observed,Observed,Observed
Non-dropper,14,6,08/09/2024,2,"43,44",4,07/11/2024,58,6,W2,30,3,0,3,1,30,3,1,Observed,Observed,Observed
Non-dropper,14,7,08/09/2024,2,"43,44",4,07/11/2024,58,6,W2,8,3,0,3,1,8,3,1,Observed,Observed,Observed
Non-dropper,14,8,08/09/2024,2,"43,44",4,07/11/2024,58,6,W2,10,3,0,3,1,10,3,1,Observed,Observed,Observed
Non-dropper,14,9,08/09/2024,2,"43,44",4,07/11/2024,58,6,W2,12,3,0,3,1,12,3,1,Observed,Observed,Observed
Non-dropper,14,10,08/09/2024,2,"43,44",4,07/11/2024,58,6,W2,2,3,0,3,1,2,3,1,Observed,Observed,Observed
Non-dropper,14,11,08/09/2024,2,"43,44",4,07/11/2024,58,6,W2,7,3,0,3,1,7,3,1,Observed,Observed,Observed
Non-dropper,14,12,08/09/2024,2,"43,44",4,07/11/2024,58,6,W2,1,3,0,3,1,1,3,1,Observed,Observed,Observed
Non-dropper,14,13,08/09/2024,2,"43,44",4,07/11/2024,58,6,W2,2,3,12,15,1,2,15,1,Observed,Observed,Observed
Non-dropper,14,14,08/09/2024,2,"43,44",4,07/11/2024,58,6,W2,3,3,6,9,1,3,9,1,Observed,Observed,Observed
Non-dropper,14,15,08/09/2024,2,"43,44",4,07/11/2024,58,6,W2,1,3,1,4,1,1,4,1,Observed,Observed,Observed
Non-dropper,14,16,08/09/2024,2,"43,44",4,07/11/2024,58,6,W2,1,3,0,3,1,1,3,1,Observed,Observed,Observed
Non-dropper,14,17,08/09/2024,2,"43,44",4,07/11/2024,58,6,W2,3,3,2,5,1,3,5,1,Observed,Observed,Observed
Non-dropper,14,18,08/09/2024,2,"43,44",4,07/11/2024,58,6,W2,3,3,4,7,1,3,7,1,Observed,Observed,Observed
Non-dropper,14,19,08/09/2024,2,"43,44",4,07/11/2024,58,6,W2,2,3,7,10,1,2,10,1,Observed,Observed,Observed
Non-dropper,14,20,08/09/2024,2,"43,44",4,07/11/2024,58,6,W2,13,3,3,6,1,13,6,1,Observed,Observed,Observed
Non-dropper,14,21,08/09/2024,2,"43,44",4,07/11/2024,58,6,W2,5,3,2,5,1,5,5,1,Observed,Observed,Observed
Non-dropper,14,22,08/09/2024,2,"43,44",4,07/11/2024,58,6,W2,3,3,0,3,1,3,3,1,Observed,Observed,Observed
Non-dropper,14,23,08/09/2024,2,"43,44",4,07/11/2024,58,6,W2,2.5,NA,NA,3,1,NA,NA,NA,Interpolated,Interpolated,Forward-filled
Non-dropper,14,24,08/09/2024,2,"43,44",4,07/11/2024,58,6,W2,2,3,0,3,1,2,3,1,Observed,Observed,Observed
Mix,15,-2,08/09/2024,2,"49,56",4,07/11/2024,53,4,W2,20,NA,NA,NA,1,NA,NA,NA,NA,NA,NA
Mix,15,0,08/09/2024,2,"49,56",4,07/11/2024,53,4,W2,98,3,0,3,1,98,3,1,Observed,Observed,Observed
Mix,15,1,08/09/2024,2,"49,56",4,07/11/2024,53,4,W2,106,3,0,3,1,106,3,1,Observed,Observed,Observed
Mix,15,2,08/09/2024,2,"49,56",4,07/11/2024,53,4,W2,56,3,0,3,1,56,3,1,Observed,Observed,Observed
Mix,15,3,08/09/2024,2,"49,56",4,07/11/2024,53,4,W2,18,3,0,3,1,18,3,1,Observed,Observed,Observed
Mix,15,4,08/09/2024,2,"49,56",4,07/11/2024,53,4,W2,13,3,0,3,1,13,3,1,Observed,Observed,Observed
Mix,15,5,08/09/2024,2,"49,56",4,07/11/2024,53,4,W2,2,3,0,3,1,2,3,1,Observed,Observed,Observed
Mix,15,6,08/09/2024,2,"49,56",4,07/11/2024,53,4,W2,5,3,0,3,1,5,3,1,Observed,Observed,Observed
Mix,15,7,08/09/2024,2,"49,56",4,07/11/2024,53,4,W2,1,3,0,3,1,1,3,1,Observed,Observed,Observed
Mix,15,8,08/09/2024,2,"49,56",4,07/11/2024,53,4,W2,2,3,0,3,1,2,3,1,Observed,Observed,Observed
Mix,15,9,08/09/2024,2,"49,56",4,07/11/2024,53,4,W2,8,3,0,3,1,8,3,1,Observed,Observed,Observed
Mix,15,10,08/09/2024,2,"49,56",4,07/11/2024,53,4,W2,1,3,0,3,1,1,3,1,Observed,Observed,Observed
Mix,15,11,08/09/2024,2,"49,56",4,07/11/2024,53,4,W2,3,3,0,3,1,3,3,1,Observed,Observed,Observed
Mix,15,12,08/09/2024,2,"49,56",4,07/11/2024,53,4,W2,1,3,0,3,1,1,3,1,Observed,Observed,Observed
Mix,15,13,08/09/2024,2,"49,56",4,07/11/2024,53,4,W2,1,3,0,3,1,1,3,1,Observed,Observed,Observed
Mix,15,14,08/09/2024,2,"49,56",4,07/11/2024,53,4,W2,1,3,0,3,1,1,3,1,Observed,Observed,Observed
Mix,15,15,08/09/2024,2,"49,56",4,07/11/2024,53,4,W2,1,3,0,3,1,1,3,1,Observed,Observed,Observed
Mix,15,16,08/09/2024,2,"49,56",4,07/11/2024,53,4,W2,1,3,0,3,1,1,3,1,Observed,Observed,Observed
Mix,15,17,08/09/2024,2,"49,56",4,07/11/2024,53,4,W2,0,3,0,3,1,0,3,1,Observed,Observed,Observed
Mix,15,18,08/09/2024,2,"49,56",4,07/11/2024,53,4,W2,0,3,0,3,1,0,3,1,Observed,Observed,Observed
Mix,15,19,08/09/2024,2,"49,56",4,07/11/2024,53,4,W2,0,3,0,3,1,0,3,1,Observed,Observed,Observed
Mix,15,20,08/09/2024,2,"49,56",4,07/11/2024,53,4,W2,0,3,0,3,1,0,3,1,Observed,Observed,Observed
Mix,15,21,08/09/2024,2,"49,56",4,07/11/2024,53,4,W2,0,3,0,3,1,0,3,1,Observed,Observed,Observed
Mix,15,22,08/09/2024,2,"49,56",4,07/11/2024,53,4,W2,0,3,1,4,1,0,4,1,Observed,Observed,Observed
Mix,15,23,08/09/2024,2,"49,56",4,07/11/2024,53,4,W2,0,3,1,4,1,0,4,1,Observed,Observed,Observed
Mix,15,24,08/09/2024,2,"49,56",4,07/11/2024,53,4,W2,0,3,0,3,1,0,3,1,Observed,Observed,Observed
Dropper,16,-2,8/21/2024,2,"43,38",4.5,7/16/2024,44,2,W0,20,NA,NA,NA,1,NA,NA,NA,NA,NA,NA
Dropper,16,0,8/21/2024,2,"43,38",4.5,7/16/2024,44,2,W0,129,3,0,3,1,129,3,1,Observed,Observed,Observed
Dropper,16,1,8/21/2024,2,"43,38",4.5,7/16/2024,44,2,W0,116,3,0,3,1,116,3,1,Observed,Observed,Observed
Dropper,16,2,8/21/2024,2,"43,38",4.5,7/16/2024,44,2,W0,24,3,0,3,1,24,3,1,Observed,Observed,Observed
Dropper,16,3,8/21/2024,2,"43,38",4.5,7/16/2024,44,2,W0,10,3,0,3,1,10,3,1,Observed,Observed,Observed
Dropper,16,4,8/21/2024,2,"43,38",4.5,7/16/2024,44,2,W0,5,3,0,3,1,5,3,1,Observed,Observed,Observed
Dropper,16,5,8/21/2024,2,"43,38",4.5,7/16/2024,44,2,W0,6,3,0,3,1,6,3,1,Observed,Observed,Observed
Dropper,16,6,8/21/2024,2,"43,38",4.5,7/16/2024,44,2,W0,3.5,NA,NA,3,1,NA,NA,NA,Interpolated,Interpolated,Forward-filled
Dropper,16,7,8/21/2024,2,"43,38",4.5,7/16/2024,44,2,W0,1,3,0,3,1,1,3,1,Observed,Observed,Observed
Dropper,16,8,8/21/2024,2,"43,38",4.5,7/16/2024,44,2,W0,1,3,0,3,1,1,3,1,Observed,Observed,Observed
Dropper,16,9,8/21/2024,2,"43,38",4.5,7/16/2024,44,2,W0,1,3,0,3,1,1,3,1,Observed,Observed,Observed
Dropper,16,10,8/21/2024,2,"43,38",4.5,7/16/2024,44,2,W0,1,3,0,3,1,1,3,1,Observed,Observed,Observed
Dropper,16,11,8/21/2024,2,"43,38",4.5,7/16/2024,44,2,W0,1,3,0,3,1,1,3,1,Observed,Observed,Observed
Dropper,16,12,8/21/2024,2,"43,38",4.5,7/16/2024,44,2,W0,0.5,NA,NA,3,1,NA,NA,NA,Interpolated,Interpolated,Forward-filled
Dropper,16,13,8/21/2024,2,"43,38",4.5,7/16/2024,44,2,W0,0,3,0,3,1,0,3,1,Observed,Observed,Observed
Dropper,16,14,8/21/2024,2,"43,38",4.5,7/16/2024,44,2,W0,0,3,0,3,1,0,3,1,Observed,Observed,Observed
Dropper,16,15,8/21/2024,2,"43,38",4.5,7/16/2024,44,2,W0,0,3,0,3,1,0,3,1,Observed,Observed,Observed
Dropper,16,16,8/21/2024,2,"43,38",4.5,7/16/2024,44,2,W0,0,3,0,3,1,0,3,1,Observed,Observed,Observed
Dropper,16,17,8/21/2024,2,"43,38",4.5,7/16/2024,44,2,W0,0,3,0,3,1,0,3,1,Observed,Observed,Observed
Dropper,16,18,8/21/2024,2,"43,38",4.5,7/16/2024,44,2,W0,0,3,0,3,1,0,3,1,Observed,Observed,Observed
Dropper,16,19,8/21/2024,2,"43,38",4.5,7/16/2024,44,2,W0,0,3,0,3,1,0,3,1,Observed,Observed,Observed
Dropper,16,20,8/21/2024,2,"43,38",4.5,7/16/2024,44,2,W0,0,3,0,3,1,0,3,1,Observed,Observed,Observed
Dropper,16,21,8/21/2024,2,"43,38",4.5,7/16/2024,44,2,W0,0,3,0,3,1,0,3,1,Observed,Observed,Observed
Dropper,16,22,8/21/2024,2,"43,38",4.5,7/16/2024,44,2,W0,0,3,0,3,1,0,3,1,Observed,Observed,Observed
Dropper,16,23,8/21/2024,2,"43,38",4.5,7/16/2024,44,2,W0,0,3,0,3,1,0,3,1,Observed,Observed,Observed
Dropper,16,24,8/21/2024,2,"43,38",4.5,7/16/2024,44,2,W0,0,3,0,3,1,0,3,1,Observed,Observed,Observed
Non-dropper,17,-2,8/21/2024,2,"29,45",4.5,7/16/2024,43,3,W0,20,NA,NA,NA,1,NA,NA,NA,NA,NA,NA
Non-dropper,17,0,8/21/2024,2,"29,45",4.5,7/16/2024,43,3,W0,112,3,0,3,1,112,3,1,Observed,Observed,Observed
Non-dropper,17,1,8/21/2024,2,"29,45",4.5,7/16/2024,43,3,W0,72,3,0,3,1,72,3,1,Observed,Observed,Observed
Non-dropper,17,2,8/21/2024,2,"29,45",4.5,7/16/2024,43,3,W0,89,3,0,3,1,89,3,1,Observed,Observed,Observed
Non-dropper,17,3,8/21/2024,2,"29,45",4.5,7/16/2024,43,3,W0,72,3,0,3,1,72,3,1,Observed,Observed,Observed
Non-dropper,17,4,8/21/2024,2,"29,45",4.5,7/16/2024,43,3,W0,81,3,0,3,1,81,3,1,Observed,Observed,Observed
Non-dropper,17,5,8/21/2024,2,"29,45",4.5,7/16/2024,43,3,W0,57,3,0,3,1,57,3,1,Observed,Observed,Observed
Non-dropper,17,6,8/21/2024,2,"29,45",4.5,7/16/2024,43,3,W0,71.5,NA,NA,3,1,NA,NA,NA,Interpolated,Interpolated,Forward-filled
Non-dropper,17,7,8/21/2024,2,"29,45",4.5,7/16/2024,43,3,W0,86,3,0,3,1,86,3,1,Observed,Observed,Observed
Non-dropper,17,8,8/21/2024,2,"29,45",4.5,7/16/2024,43,3,W0,80,3,0,3,1,80,3,1,Observed,Observed,Observed
Non-dropper,17,9,8/21/2024,2,"29,45",4.5,7/16/2024,43,3,W0,136,3,0,3,1,136,3,1,Observed,Observed,Observed
Non-dropper,17,10,8/21/2024,2,"29,45",4.5,7/16/2024,43,3,W0,187,3,0,3,1,187,3,1,Observed,Observed,Observed
Non-dropper,17,11,8/21/2024,2,"29,45",4.5,7/16/2024,43,3,W0,169,2,4,6,1,169,6,1,Observed,Observed,Observed
Non-dropper,17,12,8/21/2024,2,"29,45",4.5,7/16/2024,43,3,W0,197.5,NA,NA,5.5,1,NA,NA,NA,Interpolated,Interpolated,Forward-filled
Non-dropper,17,13,8/21/2024,2,"29,45",4.5,7/16/2024,43,3,W0,226,3,2,5,1,226,5,1,Observed,Observed,Observed
Non-dropper,17,14,8/21/2024,2,"29,45",4.5,7/16/2024,43,3,W0,262,2,4,6,1,262,6,1,Observed,Observed,Observed
Non-dropper,17,15,8/21/2024,2,"29,45",4.5,7/16/2024,43,3,W0,296,2,4,6,1,296,6,1,Observed,Observed,Observed
Non-dropper,17,16,8/21/2024,2,"29,45",4.5,7/16/2024,43,3,W0,322,2,5,7,1,322,7,1,Observed,Observed,Observed
Non-dropper,17,17,8/21/2024,2,"29,45",4.5,7/16/2024,43,3,W0,377,2,4,6,1,377,6,1,Observed,Observed,Observed
Non-dropper,17,18,8/21/2024,2,"29,45",4.5,7/16/2024,43,3,W0,436,2,5,7,1,436,7,1,Observed,Observed,Observed
Non-dropper,17,19,8/21/2024,2,"29,45",4.5,7/16/2024,43,3,W0,536,2,4,6,1,536,6,1,Observed,Observed,Observed
Non-dropper,17,20,8/21/2024,2,"29,45",4.5,7/16/2024,43,3,W0,606,NA,NA,6.5,1,NA,NA,NA,Interpolated,Interpolated,Forward-filled
Non-dropper,17,21,8/21/2024,2,"29,45",4.5,7/16/2024,43,3,W0,676,2,5,7,1,676,7,1,Observed,Observed,Observed
Non-dropper,17,22,8/21/2024,2,"29,45",4.5,7/16/2024,43,3,W0,793,2,5,7,1,793,7,1,Observed,Observed,Observed
Non-dropper,17,23,8/21/2024,2,"29,45",4.5,7/16/2024,43,3,W0,863,2,5,7,1,863,7,1,Observed,Observed,Observed
Non-dropper,17,24,8/21/2024,2,"29,45",4.5,7/16/2024,43,3,W0,1096,2,5,7,1,1096,7,1,Observed,Observed,Observed
Mix,18,-2,8/21/2024,2,"40,43",4.5,7/16/2024,43,1,W0,20,NA,NA,NA,1,NA,NA,NA,NA,NA,NA
Mix,18,0,8/21/2024,2,"40,43",4.5,7/16/2024,43,1,W0,134,3,0,3,1,134,3,1,Observed,Observed,Observed
Mix,18,1,8/21/2024,2,"40,43",4.5,7/16/2024,43,1,W0,76,3,0,3,1,76,3,1,Observed,Observed,Observed
Mix,18,2,8/21/2024,2,"40,43",4.5,7/16/2024,43,1,W0,67,3,0,3,1,67,3,1,Observed,Observed,Observed
Mix,18,3,8/21/2024,2,"40,43",4.5,7/16/2024,43,1,W0,56,3,0,3,1,56,3,1,Observed,Observed,Observed
Mix,18,4,8/21/2024,2,"40,43",4.5,7/16/2024,43,1,W0,32,3,0,3,1,32,3,1,Observed,Observed,Observed
Mix,18,5,8/21/2024,2,"40,43",4.5,7/16/2024,43,1,W0,10,3,0,3,1,10,3,1,Observed,Observed,Observed
Mix,18,6,8/21/2024,2,"40,43",4.5,7/16/2024,43,1,W0,10.5,NA,NA,6,1,NA,NA,NA,Interpolated,Interpolated,Forward-filled
Mix,18,7,8/21/2024,2,"40,43",4.5,7/16/2024,43,1,W0,11,3,6,9,1,11,9,1,Observed,Observed,Observed
Mix,18,8,8/21/2024,2,"40,43",4.5,7/16/2024,43,1,W0,6,3,8,11,1,6,11,1,Observed,Observed,Observed
Mix,18,9,8/21/2024,2,"40,43",4.5,7/16/2024,43,1,W0,0,3,0,3,1,0,3,1,Observed,Observed,Observed
Mix,18,10,8/21/2024,2,"40,43",4.5,7/16/2024,43,1,W0,0,3,0,3,1,0,3,1,Observed,Observed,Observed
Mix,18,11,8/21/2024,2,"40,43",4.5,7/16/2024,43,1,W0,0,3,0,3,1,0,3,1,Observed,Observed,Observed
Mix,18,12,8/21/2024,2,"40,43",4.5,7/16/2024,43,1,W0,0,NA,NA,3,1,NA,NA,NA,Interpolated,Interpolated,Forward-filled
Mix,18,13,8/21/2024,2,"40,43",4.5,7/16/2024,43,1,W0,0,3,0,3,1,0,3,1,Observed,Observed,Observed
Mix,18,14,8/21/2024,2,"40,43",4.5,7/16/2024,43,1,W0,0,3,0,3,1,0,3,1,Observed,Observed,Observed
Mix,18,15,8/21/2024,2,"40,43",4.5,7/16/2024,43,1,W0,0,3,0,3,1,0,3,1,Observed,Observed,Observed
Mix,18,16,8/21/2024,2,"40,43",4.5,7/16/2024,43,1,W0,0,3,0,3,1,0,3,1,Observed,Observed,Observed
Mix,18,17,8/21/2024,2,"40,43",4.5,7/16/2024,43,1,W0,0,3,0,3,1,0,3,1,Observed,Observed,Observed
Mix,18,18,8/21/2024,2,"40,43",4.5,7/16/2024,43,1,W0,0,3,0,3,1,0,3,1,Observed,Observed,Observed
Mix,18,19,8/21/2024,2,"40,43",4.5,7/16/2024,43,1,W0,0,3,0,3,1,0,3,1,Observed,Observed,Observed
Mix,18,20,8/21/2024,2,"40,43",4.5,7/16/2024,43,1,W0,0,3,0,3,1,0,3,1,Observed,Observed,Observed
Mix,18,21,8/21/2024,2,"40,43",4.5,7/16/2024,43,1,W0,0,3,0,3,1,0,3,1,Observed,Observed,Observed
Mix,18,22,8/21/2024,2,"40,43",4.5,7/16/2024,43,1,W0,0,3,0,3,1,0,3,1,Observed,Observed,Observed
Mix,18,23,8/21/2024,2,"40,43",4.5,7/16/2024,43,1,W0,0,3,0,3,1,0,3,1,Observed,Observed,Observed
Mix,18,24,8/21/2024,2,"40,43",4.5,7/16/2024,43,1,W0,0,3,0,3,1,0,3,1,Observed,Observed,Observed
Dropper,19,-2,8/29/2024,3,"49,39",4,08/01/2024,61,4,W0,20,NA,NA,NA,1,NA,NA,NA,NA,NA,NA
Dropper,19,0,8/29/2024,3,"49,39",4,08/01/2024,61,4,W0,162,3,0,3,1,162,3,1,Observed,Observed,Observed
Dropper,19,1,8/29/2024,3,"49,39",4,08/01/2024,61,4,W0,252,3,0,3,1,252,3,1,Observed,Observed,Observed
Dropper,19,2,8/29/2024,3,"49,39",4,08/01/2024,61,4,W0,272,3,0,3,1,272,3,1,Observed,Observed,Observed
Dropper,19,3,8/29/2024,3,"49,39",4,08/01/2024,61,4,W0,226,3,0,3,1,226,3,1,Observed,Observed,Observed
Dropper,19,4,8/29/2024,3,"49,39",4,08/01/2024,61,4,W0,212,3,0,3,1,212,3,1,Observed,Observed,Observed
Dropper,19,5,8/29/2024,3,"49,39",4,08/01/2024,61,4,W0,197,3,0,3,1,197,3,1,Observed,Observed,Observed
Dropper,19,6,8/29/2024,3,"49,39",4,08/01/2024,61,4,W0,217.5,NA,NA,3,1,NA,NA,NA,Interpolated,Interpolated,Forward-filled
Dropper,19,7,8/29/2024,3,"49,39",4,08/01/2024,61,4,W0,238,3,0,3,1,238,3,1,Observed,Observed,Observed
Dropper,19,8,8/29/2024,3,"49,39",4,08/01/2024,61,4,W0,274,3,16,19,1,274,19,1,Observed,Observed,Observed
Dropper,19,9,8/29/2024,3,"49,39",4,08/01/2024,61,4,W0,422,3,11,14,1,422,14,1,Observed,Observed,Observed
Dropper,19,10,8/29/2024,3,"49,39",4,08/01/2024,61,4,W0,547,3,52,55,1,547,55,1,Observed,Observed,Observed
Dropper,19,11,8/29/2024,3,"49,39",4,08/01/2024,61,4,W0,522,3,78,81,1,522,81,1,Observed,Observed,Observed
Dropper,19,12,8/29/2024,3,"49,39",4,08/01/2024,61,4,W0,456,3,76,79,1,456,79,1,Observed,Observed,Observed
Dropper,19,13,8/29/2024,3,"49,39",4,08/01/2024,61,4,W0,536,3,87,90,1,536,90,1,Observed,Observed,Observed
Dropper,19,14,8/29/2024,3,"49,39",4,08/01/2024,61,4,W0,462.5,NA,NA,97.5,1,NA,NA,NA,Interpolated,Interpolated,Forward-filled
Dropper,19,15,8/29/2024,3,"49,39",4,08/01/2024,61,4,W0,389,3,102,105,1,389,105,1,Observed,Observed,Observed
Dropper,19,16,8/29/2024,3,"49,39",4,08/01/2024,61,4,W0,272,3,122,125,1,272,125,1,Observed,Observed,Observed
Dropper,19,17,8/29/2024,3,"49,39",4,08/01/2024,61,4,W0,82,3,126,129,1,82,129,1,Observed,Observed,Observed
Dropper,19,18,8/29/2024,3,"49,39",4,08/01/2024,61,4,W0,4,3,127,130,0,4,130,1,Observed,Observed,Observed
Dropper,19,19,8/29/2024,3,"49,39",4,08/01/2024,61,4,W0,0,3,108,111,0,0,111,1,Observed,Observed,Observed
Dropper,19,20,8/29/2024,3,"49,39",4,08/01/2024,61,4,W0,0,3,108,111,0,0,111,1,Observed,Observed,Observed
Dropper,19,21,8/29/2024,3,"49,39",4,08/01/2024,61,4,W0,0,3,98,101,0,0,101,1,Observed,Observed,Observed
Dropper,19,22,8/29/2024,3,"49,39",4,08/01/2024,61,4,W0,0,3,79,82,0,0,82,1,Observed,Observed,Observed
Dropper,19,23,8/29/2024,3,"49,39",4,08/01/2024,61,4,W0,0,3,56,59,0,0,59,1,Observed,Observed,Observed
Dropper,19,24,8/29/2024,3,"49,39",4,08/01/2024,61,4,W0,0,3,39,42,0,0,42,1,Observed,Observed,Observed
Non-dropper,20,-2,8/29/2024,3,"45,57",4,08/01/2024,81,5,W0,20,NA,NA,NA,1,NA,NA,NA,NA,NA,NA
Non-dropper,20,0,8/29/2024,3,"45,57",4,08/01/2024,81,5,W0,145,3,0,3,1,145,3,1,Observed,Observed,Observed
Non-dropper,20,1,8/29/2024,3,"45,57",4,08/01/2024,81,5,W0,232,3,0,3,1,232,3,1,Observed,Observed,Observed
Non-dropper,20,2,8/29/2024,3,"45,57",4,08/01/2024,81,5,W0,212,3,0,3,1,212,3,1,Observed,Observed,Observed
Non-dropper,20,3,8/29/2024,3,"45,57",4,08/01/2024,81,5,W0,289,3,0,3,1,289,3,1,Observed,Observed,Observed
Non-dropper,20,4,8/29/2024,3,"45,57",4,08/01/2024,81,5,W0,286,3,0,3,1,286,3,1,Observed,Observed,Observed
Non-dropper,20,5,8/29/2024,3,"45,57",4,08/01/2024,81,5,W0,346,3,0,3,1,346,3,1,Observed,Observed,Observed
Non-dropper,20,6,8/29/2024,3,"45,57",4,08/01/2024,81,5,W0,389,NA,NA,3,1,NA,NA,NA,Interpolated,Interpolated,Forward-filled
Non-dropper,20,7,8/29/2024,3,"45,57",4,08/01/2024,81,5,W0,432,3,0,3,1,432,3,1,Observed,Observed,Observed
Non-dropper,20,8,8/29/2024,3,"45,57",4,08/01/2024,81,5,W0,621,3,0,3,1,621,3,1,Observed,Observed,Observed
Non-dropper,20,9,8/29/2024,3,"45,57",4,08/01/2024,81,5,W0,836,3,0,3,1,836,3,1,Observed,Observed,Observed
Non-dropper,20,10,8/29/2024,3,"45,57",4,08/01/2024,81,5,W0,972,3,2,5,1,972,5,1,Observed,Observed,Observed
Non-dropper,20,11,8/29/2024,3,"45,57",4,08/01/2024,81,5,W0,1126,3,22,25,1,1126,25,1,Observed,Observed,Observed
Non-dropper,20,12,8/29/2024,3,"45,57",4,08/01/2024,81,5,W0,986,3,19,22,1,986,22,1,Observed,Observed,Observed
Non-dropper,20,13,8/29/2024,3,"45,57",4,08/01/2024,81,5,W0,1186,3,42,45,1,1186,45,1,Observed,Observed,Observed
Non-dropper,20,14,8/29/2024,3,"45,57",4,08/01/2024,81,5,W0,1229,NA,NA,57.5,1,NA,NA,NA,Interpolated,Interpolated,Forward-filled
Non-dropper,20,15,8/29/2024,3,"45,57",4,08/01/2024,81,5,W0,1272,3,67,70,1,1272,70,1,Observed,Observed,Observed
Non-dropper,20,16,8/29/2024,3,"45,57",4,08/01/2024,81,5,W0,1196,3,59,62,1,1196,62,1,Observed,Observed,Observed
Non-dropper,20,17,8/29/2024,3,"45,57",4,08/01/2024,81,5,W0,976,3,76,79,1,976,79,1,Observed,Observed,Observed
Non-dropper,20,18,8/29/2024,3,"45,57",4,08/01/2024,81,5,W0,1106,3,87,90,0,1106,90,1,Observed,Observed,Observed
Non-dropper,20,19,8/29/2024,3,"45,57",4,08/01/2024,81,5,W0,676,3,106,109,0,676,109,1,Observed,Observed,Observed
Non-dropper,20,20,8/29/2024,3,"45,57",4,08/01/2024,81,5,W0,491,NA,NA,102.5,0,NA,NA,NA,Interpolated,Interpolated,Forward-filled
Non-dropper,20,21,8/29/2024,3,"45,57",4,08/01/2024,81,5,W0,306,3,93,96,0,306,96,1,Observed,Observed,Observed
Non-dropper,20,22,8/29/2024,3,"45,57",4,08/01/2024,81,5,W0,147,3,96,99,0,147,99,1,Observed,Observed,Observed
Non-dropper,20,23,8/29/2024,3,"45,57",4,08/01/2024,81,5,W0,46,3,96,99,0,46,99,1,Observed,Observed,Observed
Non-dropper,20,24,8/29/2024,3,"45,57",4,08/01/2024,81,5,W0,10,3,94,97,0,10,97,1,Observed,Observed,Observed
Mix,21,-2,8/29/2024,3,"50,47",4,08/01/2024,94,6,W0,20,NA,NA,NA,1,NA,NA,NA,NA,NA,NA
Mix,21,0,8/29/2024,3,"50,47",4,08/01/2024,94,6,W0,151,3,0,3,1,151,3,1,Observed,Observed,Observed
Mix,21,1,8/29/2024,3,"50,47",4,08/01/2024,94,6,W0,276,3,0,3,1,276,3,1,Observed,Observed,Observed
Mix,21,2,8/29/2024,3,"50,47",4,08/01/2024,94,6,W0,306,3,0,3,1,306,3,1,Observed,Observed,Observed
Mix,21,3,8/29/2024,3,"50,47",4,08/01/2024,94,6,W0,286,3,0,3,1,286,3,1,Observed,Observed,Observed
Mix,21,4,8/29/2024,3,"50,47",4,08/01/2024,94,6,W0,302,3,0,3,1,302,3,1,Observed,Observed,Observed
Mix,21,5,8/29/2024,3,"50,47",4,08/01/2024,94,6,W0,364,3,0,3,1,364,3,1,Observed,Observed,Observed
Mix,21,6,8/29/2024,3,"50,47",4,08/01/2024,94,6,W0,437,NA,NA,3,1,NA,NA,NA,Interpolated,Interpolated,Forward-filled
Mix,21,7,8/29/2024,3,"50,47",4,08/01/2024,94,6,W0,510,3,0,3,1,510,3,1,Observed,Observed,Observed
Mix,21,8,8/29/2024,3,"50,47",4,08/01/2024,94,6,W0,692,3,0,3,1,692,3,1,Observed,Observed,Observed
Mix,21,9,8/29/2024,3,"50,47",4,08/01/2024,94,6,W0,756,3,0,3,1,756,3,1,Observed,Observed,Observed
Mix,21,10,8/29/2024,3,"50,47",4,08/01/2024,94,6,W0,1672,3,0,3,1,1672,3,1,Observed,Observed,Observed
Mix,21,11,8/29/2024,3,"50,47",4,08/01/2024,94,6,W0,1926,3,0,3,1,1926,3,1,Observed,Observed,Observed
Mix,21,12,8/29/2024,3,"50,47",4,08/01/2024,94,6,W0,2300,3,0,3,1,2300,3,1,Observed,Observed,Observed
Mix,21,13,8/29/2024,3,"50,47",4,08/01/2024,94,6,W0,2500,3,12,15,1,2500,15,1,Observed,Observed,Observed
Mix,21,14,8/29/2024,3,"50,47",4,08/01/2024,94,6,W0,2500,NA,NA,10,1,NA,NA,NA,Interpolated,Interpolated,Forward-filled
Mix,21,15,8/29/2024,3,"50,47",4,08/01/2024,94,6,W0,2500,3,2,5,1,2500,5,1,Observed,Observed,Observed
Mix,21,16,8/29/2024,3,"50,47",4,08/01/2024,94,6,W0,2500,3,3,6,1,2500,6,1,Observed,Observed,Observed
Mix,21,17,8/29/2024,3,"50,47",4,08/01/2024,94,6,W0,2500,3,4,7,0,2500,7,1,Observed,Observed,Observed
Mix,21,18,8/29/2024,3,"50,47",4,08/01/2024,94,6,W0,2500,3,16,19,0,2500,19,1,Observed,Observed,Observed
Mix,21,19,8/29/2024,3,"50,47",4,08/01/2024,94,6,W0,2500,3,22,25,0,2500,25,1,Observed,Observed,Observed
Mix,21,20,8/29/2024,3,"50,47",4,08/01/2024,94,6,W0,2500,NA,NA,33.5,0,NA,NA,NA,Interpolated,Interpolated,Forward-filled
Mix,21,21,8/29/2024,3,"50,47",4,08/01/2024,94,6,W0,2500,3,39,42,0,2500,42,1,Observed,Observed,Observed
Mix,21,22,8/29/2024,3,"50,47",4,08/01/2024,94,6,W0,2500,3,46,49,0,2500,49,1,Observed,Observed,Observed
Mix,21,23,8/29/2024,3,"50,47",4,08/01/2024,94,6,W0,2500,3,49,52,0,2500,52,1,Observed,Observed,Observed
Mix,21,24,8/29/2024,3,"50,47",4,08/01/2024,94,6,W0,800,3,42,45,0,800,45,1,Observed,Observed,Observed
Dropper,22,-2,09/12/2024,3,"22,30",4,8/16/2024,37,3,W2,20,NA,NA,NA,1,NA,NA,NA,NA,NA,NA
Dropper,22,-1,09/12/2024,3,"22,30",4,8/16/2024,37,3,W2,88,NA,NA,NA,1,NA,NA,NA,NA,NA,NA
Dropper,22,0,09/12/2024,3,"22,30",4,8/16/2024,37,3,W2,201,3,0,3,1,201,3,1,Observed,Observed,Observed
Dropper,22,1,09/12/2024,3,"22,30",4,8/16/2024,37,3,W2,232,3,0,3,1,232,3,1,Observed,Observed,Observed
Dropper,22,2,09/12/2024,3,"22,30",4,8/16/2024,37,3,W2,198,3,0,3,1,198,3,1,Observed,Observed,Observed
Dropper,22,3,09/12/2024,3,"22,30",4,8/16/2024,37,3,W2,246,3,0,3,1,246,3,1,Observed,Observed,Observed
Dropper,22,4,09/12/2024,3,"22,30",4,8/16/2024,37,3,W2,242,3,0,3,1,242,3,1,Observed,Observed,Observed
Dropper,22,5,09/12/2024,3,"22,30",4,8/16/2024,37,3,W2,249,NA,NA,3,1,NA,NA,NA,Interpolated,Interpolated,Forward-filled
Dropper,22,6,09/12/2024,3,"22,30",4,8/16/2024,37,3,W2,256,3,0,3,1,256,3,1,Observed,Observed,Observed
Dropper,22,7,09/12/2024,3,"22,30",4,8/16/2024,37,3,W2,278,3,0,3,1,278,3,1,Observed,Observed,Observed
Dropper,22,8,09/12/2024,3,"22,30",4,8/16/2024,37,3,W2,520,3,0,3,1,520,3,1,Observed,Observed,Observed
Dropper,22,9,09/12/2024,3,"22,30",4,8/16/2024,37,3,W2,686,3,0,3,1,686,3,1,Observed,Observed,Observed
Dropper,22,10,09/12/2024,3,"22,30",4,8/16/2024,37,3,W2,781,3,10,13,1,781,13,1,Observed,Observed,Observed
Dropper,22,11,09/12/2024,3,"22,30",4,8/16/2024,37,3,W2,879,3,15,18,1,879,18,1,Observed,Observed,Observed
Dropper,22,12,09/12/2024,3,"22,30",4,8/16/2024,37,3,W2,925.5,NA,NA,21,1,NA,NA,NA,Interpolated,Interpolated,Forward-filled
Dropper,22,13,09/12/2024,3,"22,30",4,8/16/2024,37,3,W2,972,3,21,24,1,972,24,1,Observed,Observed,Observed
Dropper,22,14,09/12/2024,3,"22,30",4,8/16/2024,37,3,W2,1486,3,36,39,1,1486,39,1,Observed,Observed,Observed
Dropper,22,15,09/12/2024,3,"22,30",4,8/16/2024,37,3,W2,1923,3,43,46,1,1923,46,1,Observed,Observed,Observed
Dropper,22,16,09/12/2024,3,"22,30",4,8/16/2024,37,3,W2,1790,3,38,41,0,1790,41,0,Observed,Observed,Observed
Dropper,22,17,09/12/2024,3,"22,30",4,8/16/2024,37,3,W2,1221,NA,NA,45,0,NA,NA,NA,Interpolated,Interpolated,Forward-filled
Dropper,22,18,09/12/2024,3,"22,30",4,8/16/2024,37,3,W2,652,3,46,49,0,652,49,0,Observed,Observed,Observed
Dropper,22,19,09/12/2024,3,"22,30",4,8/16/2024,37,3,W2,386.5,NA,NA,48,0,NA,NA,NA,Interpolated,Interpolated,Forward-filled
Dropper,22,20,09/12/2024,3,"22,30",4,8/16/2024,37,3,W2,121,3,44,47,0,121,47,0,Observed,Observed,Observed
Dropper,22,21,09/12/2024,3,"22,30",4,8/16/2024,37,3,W2,0,3,36,39,0,0,39,0,Observed,Observed,Observed
Dropper,22,22,09/12/2024,3,"22,30",4,8/16/2024,37,3,W2,0,3,28,31,0,0,31,0,Observed,Observed,Observed
Dropper,22,23,09/12/2024,3,"22,30",4,8/16/2024,37,3,W2,0,3,19,22,0,0,22,0,Observed,Observed,Observed
Dropper,22,24,09/12/2024,3,"22,30",4,8/16/2024,37,3,W2,0,3,16,19,0,0,19,0,Observed,Observed,Observed
Non-dropper,23,-2,09/12/2024,3,"32,30",4,8/16/2024,32,1,W2,20,NA,NA,NA,1,NA,NA,NA,NA,NA,NA
Non-dropper,23,-1,09/12/2024,3,"32,30",4,8/16/2024,32,1,W2,91,NA,NA,NA,1,NA,NA,NA,NA,NA,NA
Non-dropper,23,0,09/12/2024,3,"32,30",4,8/16/2024,32,1,W2,192,3,0,3,1,192,3,1,Observed,Observed,Observed
Non-dropper,23,1,09/12/2024,3,"32,30",4,8/16/2024,32,1,W2,196,3,0,3,1,196,3,1,Observed,Observed,Observed
Non-dropper,23,2,09/12/2024,3,"32,30",4,8/16/2024,32,1,W2,178,3,0,3,1,178,3,1,Observed,Observed,Observed
Non-dropper,23,3,09/12/2024,3,"32,30",4,8/16/2024,32,1,W2,156,3,0,3,1,156,3,1,Observed,Observed,Observed
Non-dropper,23,4,09/12/2024,3,"32,30",4,8/16/2024,32,1,W2,132,3,0,3,1,132,3,1,Observed,Observed,Observed
Non-dropper,23,5,09/12/2024,3,"32,30",4,8/16/2024,32,1,W2,101,NA,NA,3,1,NA,NA,NA,Interpolated,Interpolated,Forward-filled
Non-dropper,23,6,09/12/2024,3,"32,30",4,8/16/2024,32,1,W2,70,3,0,3,1,70,3,1,Observed,Observed,Observed
Non-dropper,23,7,09/12/2024,3,"32,30",4,8/16/2024,32,1,W2,73,3,0,3,1,73,3,1,Observed,Observed,Observed
Non-dropper,23,8,09/12/2024,3,"32,30",4,8/16/2024,32,1,W2,96,3,0,3,1,96,3,1,Observed,Observed,Observed
Non-dropper,23,9,09/12/2024,3,"32,30",4,8/16/2024,32,1,W2,89,3,12,15,1,89,15,1,Observed,Observed,Observed
Non-dropper,23,10,09/12/2024,3,"32,30",4,8/16/2024,32,1,W2,69,3,24,27,1,69,27,1,Observed,Observed,Observed
Non-dropper,23,11,09/12/2024,3,"32,30",4,8/16/2024,32,1,W2,60,3,19,22,1,60,22,1,Observed,Observed,Observed
Non-dropper,23,12,09/12/2024,3,"32,30",4,8/16/2024,32,1,W2,46.5,NA,NA,33,1,NA,NA,NA,Interpolated,Interpolated,Forward-filled
Non-dropper,23,13,09/12/2024,3,"32,30",4,8/16/2024,32,1,W2,33,3,41,44,1,33,44,1,Observed,Observed,Observed
Non-dropper,23,14,09/12/2024,3,"32,30",4,8/16/2024,32,1,W2,21,3,51,54,1,21,54,1,Observed,Observed,Observed
Non-dropper,23,15,09/12/2024,3,"32,30",4,8/16/2024,32,1,W2,17,3,39,42,1,17,42,1,Observed,Observed,Observed
Non-dropper,23,16,09/12/2024,3,"32,30",4,8/16/2024,32,1,W2,18,3,14,17,1,18,17,1,Observed,Observed,Observed
Non-dropper,23,17,09/12/2024,3,"32,30",4,8/16/2024,32,1,W2,19.5,NA,NA,12.5,1,NA,NA,NA,Interpolated,Interpolated,Forward-filled
Non-dropper,23,18,09/12/2024,3,"32,30",4,8/16/2024,32,1,W2,21,3,5,8,1,21,8,1,Observed,Observed,Observed
Non-dropper,23,19,09/12/2024,3,"32,30",4,8/16/2024,32,1,W2,27.5,NA,NA,9,1,NA,NA,NA,Interpolated,Interpolated,Forward-filled
Non-dropper,23,20,09/12/2024,3,"32,30",4,8/16/2024,32,1,W2,34,3,7,10,1,34,10,1,Observed,Observed,Observed
Non-dropper,23,21,09/12/2024,3,"32,30",4,8/16/2024,32,1,W2,23,3,7,10,1,23,10,1,Observed,Observed,Observed
Non-dropper,23,22,09/12/2024,3,"32,30",4,8/16/2024,32,1,W2,17,3,7,10,1,17,10,1,Observed,Observed,Observed
Non-dropper,23,23,09/12/2024,3,"32,30",4,8/16/2024,32,1,W2,25,3,7,10,1,25,10,1,Observed,Observed,Observed
Non-dropper,23,24,09/12/2024,3,"32,30",4,8/16/2024,32,1,W2,22,3,6,9,1,22,9,1,Observed,Observed,Observed
Mix,24,-2,09/12/2024,3,"34,26",4,8/16/2024,33,2,W2,20,NA,NA,NA,1,NA,NA,NA,NA,NA,NA
Mix,24,-1,09/12/2024,3,"34,26",4,8/16/2024,33,2,W2,72,NA,NA,NA,1,NA,NA,NA,NA,NA,NA
Mix,24,0,09/12/2024,3,"34,26",4,8/16/2024,33,2,W2,176,3,0,3,1,176,3,1,Observed,Observed,Observed
Mix,24,1,09/12/2024,3,"34,26",4,8/16/2024,33,2,W2,156,3,0,3,1,156,3,1,Observed,Observed,Observed
Mix,24,2,09/12/2024,3,"34,26",4,8/16/2024,33,2,W2,186,3,0,3,1,186,3,1,Observed,Observed,Observed
Mix,24,3,09/12/2024,3,"34,26",4,8/16/2024,33,2,W2,192,3,0,3,1,192,3,1,Observed,Observed,Observed
Mix,24,4,09/12/2024,3,"34,26",4,8/16/2024,33,2,W2,157,3,0,3,1,157,3,1,Observed,Observed,Observed
Mix,24,5,09/12/2024,3,"34,26",4,8/16/2024,33,2,W2,186.5,NA,NA,3,1,NA,NA,NA,Interpolated,Interpolated,Forward-filled
Mix,24,6,09/12/2024,3,"34,26",4,8/16/2024,33,2,W2,216,3,0,3,1,216,3,1,Observed,Observed,Observed
Mix,24,7,09/12/2024,3,"34,26",4,8/16/2024,33,2,W2,236,3,0,3,1,236,3,1,Observed,Observed,Observed
Mix,24,8,09/12/2024,3,"34,26",4,8/16/2024,33,2,W2,456,3,0,3,1,456,3,1,Observed,Observed,Observed
Mix,24,9,09/12/2024,3,"34,26",4,8/16/2024,33,2,W2,529,3,0,3,1,529,3,1,Observed,Observed,Observed
Mix,24,10,09/12/2024,3,"34,26",4,8/16/2024,33,2,W2,620,3,9,12,1,620,12,1,Observed,Observed,Observed
Mix,24,11,09/12/2024,3,"34,26",4,8/16/2024,33,2,W2,712,3,27,30,1,712,30,1,Observed,Observed,Observed
Mix,24,12,09/12/2024,3,"34,26",4,8/16/2024,33,2,W2,681,NA,NA,37.5,1,NA,NA,NA,Interpolated,Interpolated,Forward-filled
Mix,24,13,09/12/2024,3,"34,26",4,8/16/2024,33,2,W2,650,3,42,45,1,650,45,1,Observed,Observed,Observed
Mix,24,14,09/12/2024,3,"34,26",4,8/16/2024,33,2,W2,986,3,52,55,1,986,55,1,Observed,Observed,Observed
Mix,24,15,09/12/2024,3,"34,26",4,8/16/2024,33,2,W2,789,2,48,50,1,789,50,1,Observed,Observed,Observed
Mix,24,16,09/12/2024,3,"34,26",4,8/16/2024,33,2,W2,925,3,46,49,1,925,49,1,Observed,Observed,Observed
Mix,24,17,09/12/2024,3,"34,26",4,8/16/2024,33,2,W2,758.5,NA,NA,52,1,NA,NA,NA,Interpolated,Interpolated,Forward-filled
Mix,24,18,09/12/2024,3,"34,26",4,8/16/2024,33,2,W2,592,3,52,55,1,592,55,1,Observed,Observed,Observed
Mix,24,19,09/12/2024,3,"34,26",4,8/16/2024,33,2,W2,422,NA,NA,63.5,1,NA,NA,NA,Interpolated,Interpolated,Forward-filled
Mix,24,20,09/12/2024,3,"34,26",4,8/16/2024,33,2,W2,252,3,69,72,1,252,72,1,Observed,Observed,Observed
Mix,24,21,09/12/2024,3,"34,26",4,8/16/2024,33,2,W2,139,3,73,76,1,139,76,1,Observed,Observed,Observed
Mix,24,22,09/12/2024,3,"34,26",4,8/16/2024,33,2,W2,69,3,64,67,1,69,67,1,Observed,Observed,Observed
Mix,24,23,09/12/2024,3,"34,26",4,8/16/2024,33,2,W2,34,2,54,56,1,34,56,1,Observed,Observed,Observed
Mix,24,24,09/12/2024,3,"34,26",4,8/16/2024,33,2,W2,0,2,46,48,1,0,48,1,Observed,Observed,Observed
Dropper,25,-2,9/13/2024,3,"31,11",4,8/16/2024,27,6,W2,20,NA,NA,NA,1,NA,NA,NA,NA,NA,NA
Dropper,25,-1,9/13/2024,3,"31,11",4,8/16/2024,27,6,W2,149,NA,NA,NA,1,NA,NA,NA,NA,NA,NA
Dropper,25,0,9/13/2024,3,"31,11",4,8/16/2024,27,6,W2,209,3,0,3,1,209,3,1,Observed,Observed,Observed
Dropper,25,1,9/13/2024,3,"31,11",4,8/16/2024,27,6,W2,189,3,0,3,1,189,3,1,Observed,Observed,Observed
Dropper,25,2,9/13/2024,3,"31,11",4,8/16/2024,27,6,W2,138,3,0,3,1,138,3,1,Observed,Observed,Observed
Dropper,25,3,9/13/2024,3,"31,11",4,8/16/2024,27,6,W2,96,3,0,3,1,96,3,1,Observed,Observed,Observed
Dropper,25,4,9/13/2024,3,"31,11",4,8/16/2024,27,6,W2,62,NA,NA,3,1,NA,NA,NA,Interpolated,Interpolated,Forward-filled
Dropper,25,5,9/13/2024,3,"31,11",4,8/16/2024,27,6,W2,28,3,0,3,1,28,3,1,Observed,Observed,Observed
Dropper,25,6,9/13/2024,3,"31,11",4,8/16/2024,27,6,W2,7,3,0,3,1,7,3,1,Observed,Observed,Observed
Dropper,25,7,9/13/2024,3,"31,11",4,8/16/2024,27,6,W2,4,3,0,3,1,4,3,1,Observed,Observed,Observed
Dropper,25,8,9/13/2024,3,"31,11",4,8/16/2024,27,6,W2,6,3,0,3,1,6,3,1,Observed,Observed,Observed
Dropper,25,9,9/13/2024,3,"31,11",4,8/16/2024,27,6,W2,4,3,0,3,1,4,3,1,Observed,Observed,Observed
Dropper,25,10,9/13/2024,3,"31,11",4,8/16/2024,27,6,W2,1,3,0,3,1,1,3,1,Observed,Observed,Observed
Dropper,25,11,9/13/2024,3,"31,11",4,8/16/2024,27,6,W2,0.5,NA,NA,5,1,NA,NA,NA,Interpolated,Interpolated,Forward-filled
Dropper,25,12,9/13/2024,3,"31,11",4,8/16/2024,27,6,W2,0,3,4,7,1,0,7,1,Observed,Observed,Observed
Dropper,25,13,9/13/2024,3,"31,11",4,8/16/2024,27,6,W2,0,3,2,5,1,0,5,1,Observed,Observed,Observed
Dropper,25,14,9/13/2024,3,"31,11",4,8/16/2024,27,6,W2,0,3,2,5,1,0,5,1,Observed,Observed,Observed
Dropper,25,15,9/13/2024,3,"31,11",4,8/16/2024,27,6,W2,0,3,0,3,1,0,3,1,Observed,Observed,Observed
Dropper,25,16,9/13/2024,3,"31,11",4,8/16/2024,27,6,W2,0,NA,NA,3,1,NA,NA,NA,Interpolated,Interpolated,Forward-filled
Dropper,25,17,9/13/2024,3,"31,11",4,8/16/2024,27,6,W2,0,3,0,3,1,0,3,1,Observed,Observed,Observed
Dropper,25,18,9/13/2024,3,"31,11",4,8/16/2024,27,6,W2,0,3,0,3,1,0,3,1,Observed,Observed,Observed
Dropper,25,19,9/13/2024,3,"31,11",4,8/16/2024,27,6,W2,0,3,0,3,1,0,3,1,Observed,Observed,Observed
Dropper,25,20,9/13/2024,3,"31,11",4,8/16/2024,27,6,W2,0,3,0,3,1,0,3,1,Observed,Observed,Observed
Dropper,25,21,9/13/2024,3,"31,11",4,8/16/2024,27,6,W2,0,3,0,3,1,0,3,1,Observed,Observed,Observed
Dropper,25,22,9/13/2024,3,"31,11",4,8/16/2024,27,6,W2,0,3,0,3,1,0,3,1,Observed,Observed,Observed
Dropper,25,23,9/13/2024,3,"31,11",4,8/16/2024,27,6,W2,0,3,0,3,1,0,3,1,Observed,Observed,Observed
Dropper,25,24,9/13/2024,3,"31,11",4,8/16/2024,27,6,W2,0,3,0,3,1,0,3,1,Observed,Observed,Observed
Non-dropper,26,-2,9/13/2024,3,"27,35",4,8/16/2024,37,4,W2,20,NA,NA,NA,1,NA,NA,NA,NA,NA,NA
Non-dropper,26,-1,9/13/2024,3,"27,35",4,8/16/2024,37,4,W2,112,NA,NA,NA,1,NA,NA,NA,NA,NA,NA
Non-dropper,26,0,9/13/2024,3,"27,35",4,8/16/2024,37,4,W2,182,3,0,3,1,182,3,1,Observed,Observed,Observed
Non-dropper,26,1,9/13/2024,3,"27,35",4,8/16/2024,37,4,W2,226,3,0,3,1,226,3,1,Observed,Observed,Observed
Non-dropper,26,2,9/13/2024,3,"27,35",4,8/16/2024,37,4,W2,236,3,0,3,1,236,3,1,Observed,Observed,Observed
Non-dropper,26,3,9/13/2024,3,"27,35",4,8/16/2024,37,4,W2,217,3,0,3,1,217,3,1,Observed,Observed,Observed
Non-dropper,26,4,9/13/2024,3,"27,35",4,8/16/2024,37,4,W2,221.5,NA,NA,3,1,NA,NA,NA,Interpolated,Interpolated,Forward-filled
Non-dropper,26,5,9/13/2024,3,"27,35",4,8/16/2024,37,4,W2,226,3,0,3,1,226,3,1,Observed,Observed,Observed
Non-dropper,26,6,9/13/2024,3,"27,35",4,8/16/2024,37,4,W2,257,3,0,3,1,257,3,1,Observed,Observed,Observed
Non-dropper,26,7,9/13/2024,3,"27,35",4,8/16/2024,37,4,W2,456,3,0,3,1,456,3,1,Observed,Observed,Observed
Non-dropper,26,8,9/13/2024,3,"27,35",4,8/16/2024,37,4,W2,512,3,0,3,1,512,3,1,Observed,Observed,Observed
Non-dropper,26,9,9/13/2024,3,"27,35",4,8/16/2024,37,4,W2,692,3,18,21,1,692,21,1,Observed,Observed,Observed
Non-dropper,26,10,9/13/2024,3,"27,35",4,8/16/2024,37,4,W2,768,3,27,30,1,768,30,1,Observed,Observed,Observed
Non-dropper,26,11,9/13/2024,3,"27,35",4,8/16/2024,37,4,W2,823.5,NA,NA,30,1,NA,NA,NA,Interpolated,Interpolated,Forward-filled
Non-dropper,26,12,9/13/2024,3,"27,35",4,8/16/2024,37,4,W2,879,3,27,30,1,879,30,1,Observed,Observed,Observed
Non-dropper,26,13,9/13/2024,3,"27,35",4,8/16/2024,37,4,W2,1092,3,56,59,1,1092,59,1,Observed,Observed,Observed
Non-dropper,26,14,9/13/2024,3,"27,35",4,8/16/2024,37,4,W2,1592,3,62,65,1,1592,65,1,Observed,Observed,Observed
Non-dropper,26,15,9/13/2024,3,"27,35",4,8/16/2024,37,4,W2,1258,3,66,69,1,1258,69,1,Observed,Observed,Observed
Non-dropper,26,16,9/13/2024,3,"27,35",4,8/16/2024,37,4,W2,1117,NA,NA,64,1,NA,NA,NA,Interpolated,Interpolated,Forward-filled
Non-dropper,26,17,9/13/2024,3,"27,35",4,8/16/2024,37,4,W2,976,3,56,59,1,976,59,1,Observed,Observed,Observed
Non-dropper,26,18,9/13/2024,3,"27,35",4,8/16/2024,37,4,W2,781,NA,NA,60.5,1,NA,NA,NA,Interpolated,Interpolated,Forward-filled
Non-dropper,26,19,9/13/2024,3,"27,35",4,8/16/2024,37,4,W2,586,3,59,62,1,586,62,1,Observed,Observed,Observed
Non-dropper,26,20,9/13/2024,3,"27,35",4,8/16/2024,37,4,W2,324,3,56,59,1,324,59,1,Observed,Observed,Observed
Non-dropper,26,21,9/13/2024,3,"27,35",4,8/16/2024,37,4,W2,109,3,51,54,1,109,54,1,Observed,Observed,Observed
Non-dropper,26,22,9/13/2024,3,"27,35",4,8/16/2024,37,4,W2,39,3,39,42,0,39,42,0,Observed,Observed,Observed
Non-dropper,26,23,9/13/2024,3,"27,35",4,8/16/2024,37,4,W2,10,3,37,40,0,10,40,0,Observed,Observed,Observed
Non-dropper,26,24,9/13/2024,3,"27,35",4,8/16/2024,37,4,W2,0,3,22,25,0,0,25,0,Observed,Observed,Observed
Mix,27,-2,9/13/2024,3,"39,30",4,8/16/2024,35,5,W2,20,NA,NA,NA,1,NA,NA,NA,NA,NA,NA
Mix,27,-1,9/13/2024,3,"39,30",4,8/16/2024,35,5,W2,128,NA,NA,NA,1,NA,NA,NA,NA,NA,NA
Mix,27,0,9/13/2024,3,"39,30",4,8/16/2024,35,5,W2,169,3,0,3,1,169,3,1,Observed,Observed,Observed
Mix,27,1,9/13/2024,3,"39,30",4,8/16/2024,35,5,W2,180,3,0,3,1,180,3,1,Observed,Observed,Observed
Mix,27,2,9/13/2024,3,"39,30",4,8/16/2024,35,5,W2,136,3,0,3,1,136,3,1,Observed,Observed,Observed
Mix,27,3,9/13/2024,3,"39,30",4,8/16/2024,35,5,W2,138,3,0,3,1,138,3,1,Observed,Observed,Observed
Mix,27,4,9/13/2024,3,"39,30",4,8/16/2024,35,5,W2,103,NA,NA,3,1,NA,NA,NA,Interpolated,Interpolated,Forward-filled
Mix,27,5,9/13/2024,3,"39,30",4,8/16/2024,35,5,W2,68,3,0,3,1,68,3,1,Observed,Observed,Observed
Mix,27,6,9/13/2024,3,"39,30",4,8/16/2024,35,5,W2,59,3,0,3,1,59,3,1,Observed,Observed,Observed
Mix,27,7,9/13/2024,3,"39,30",4,8/16/2024,35,5,W2,64,3,0,3,1,64,3,1,Observed,Observed,Observed
Mix,27,8,9/13/2024,3,"39,30",4,8/16/2024,35,5,W2,89,3,0,3,1,89,3,1,Observed,Observed,Observed
Mix,27,9,9/13/2024,3,"39,30",4,8/16/2024,35,5,W2,124,3,13,16,1,124,16,1,Observed,Observed,Observed
Mix,27,10,9/13/2024,3,"39,30",4,8/16/2024,35,5,W2,186,3,21,24,1,186,24,1,Observed,Observed,Observed
Mix,27,11,9/13/2024,3,"39,30",4,8/16/2024,35,5,W2,154.5,NA,NA,24,1,NA,NA,NA,Interpolated,Interpolated,Forward-filled
Mix,27,12,9/13/2024,3,"39,30",4,8/16/2024,35,5,W2,123,3,21,24,1,123,24,1,Observed,Observed,Observed
Mix,27,13,9/13/2024,3,"39,30",4,8/16/2024,35,5,W2,89,3,36,39,1,89,39,1,Observed,Observed,Observed
Mix,27,14,9/13/2024,3,"39,30",4,8/16/2024,35,5,W2,59,3,47,50,1,59,50,1,Observed,Observed,Observed
Mix,27,15,9/13/2024,3,"39,30",4,8/16/2024,35,5,W2,22,3,29,32,1,22,32,1,Observed,Observed,Observed
Mix,27,16,9/13/2024,3,"39,30",4,8/16/2024,35,5,W2,13,NA,NA,30.5,1,NA,NA,NA,Interpolated,Interpolated,Forward-filled
Mix,27,17,9/13/2024,3,"39,30",4,8/16/2024,35,5,W2,4,3,26,29,1,4,29,1,Observed,Observed,Observed
Mix,27,18,9/13/2024,3,"39,30",4,8/16/2024,35,5,W2,2,NA,NA,21.5,1,NA,NA,NA,Interpolated,Interpolated,Forward-filled
Mix,27,19,9/13/2024,3,"39,30",4,8/16/2024,35,5,W2,0,3,11,14,1,0,14,1,Observed,Observed,Observed
Mix,27,20,9/13/2024,3,"39,30",4,8/16/2024,35,5,W2,0,3,10,13,1,0,13,1,Observed,Observed,Observed
Mix,27,21,9/13/2024,3,"39,30",4,8/16/2024,35,5,W2,0,3,4,7,1,0,7,1,Observed,Observed,Observed
Mix,27,22,9/13/2024,3,"39,30",4,8/16/2024,35,5,W2,0,3,4,7,1,0,7,1,Observed,Observed,Observed
Mix,27,23,9/13/2024,3,"39,30",4,8/16/2024,35,5,W2,0,3,4,7,1,0,7,1,Observed,Observed,Observed
Mix,27,24,9/13/2024,3,"39,30",4,8/16/2024,35,5,W2,0,3,4,7,1,0,7,1,Observed,Observed,Observed
